model,size,angle_deg,L_k,L_low,L_high,q,p,matched_bpp
ftic,256x256,0.0,0.0178616971893999,0.0133252522119601,0.0364629437007895,1.0,,0
ftic,256x256,15.0,0.0172155546449563,0.014648680932149,0.0233926031489941,1.0,,0
ftic,256x256,30.0,0.0161190220362875,0.0142450685744402,0.0234237147962214,1.0,,0
ftic,256x256,45.0,0.0187281962748732,0.0149797451688467,0.0441767502229874,1.0,,0
ftic,256x256,60.0,0.0174146465923867,0.0159932910988249,0.0261919322957731,1.0,,0
ftic,256x256,75.0,0.016966910777783,0.0139374731051468,0.0208118671702903,1.0,,0
ftic,256x256,90.0,0.0181237581908087,0.0139407867281141,0.0380585767663036,1.0,,0
cheng2020-anchor,256x256,0.0,0.6802215722894877,0.1405280899901722,0.8044462523774796,1.0,,0
cheng2020-anchor,256x256,15.0,0.2763306757486333,0.2377654311053708,0.9557506198298912,1.0,,0
cheng2020-anchor,256x256,30.0,0.3452410857756654,0.2547969479395613,0.7916683044437614,1.0,,0
cheng2020-anchor,256x256,45.0,0.4429266674797943,0.1100672452589213,0.8286738734692218,1.0,,0
cheng2020-anchor,256x256,60.0,0.2397428897660655,0.2274104365363058,0.852635465061603,1.0,,0
cheng2020-anchor,256x256,75.0,0.4283170357332602,0.4265386155680445,0.4618997925293742,1.0,,0
cheng2020-anchor,256x256,90.0,0.6607573231896369,0.1459448223914104,0.7840873744814341,1.0,,0
cheng2020-attn,256x256,0.0,0.5767489687885365,0.1685420347865074,0.8267335214818441,1.0,,0
cheng2020-attn,256x256,15.0,0.2844532811155824,0.2547210821172838,0.9538798943182248,1.0,,0
cheng2020-attn,256x256,30.0,0.4791930793527116,0.3811415398830429,0.7539405230410459,1.0,,0
cheng2020-attn,256x256,45.0,0.5333694860504372,0.1160297869324531,0.8742950435537804,1.0,,0
cheng2020-attn,256x256,60.0,0.2761899281290219,0.2666725716109717,0.9265614757846076,1.0,,0
cheng2020-attn,256x256,75.0,0.4098719335453481,0.3611025593604755,0.5639811947424427,1.0,,0
cheng2020-attn,256x256,90.0,0.5829897050553019,0.1723717974638344,0.8238258696061129,1.0,,0
bmshj2018-factorized,256x256,0.0,0.977756787888134,0.7012469118999984,0.999973926009588,1.0,,0
bmshj2018-factorized,256x256,15.0,0.9620722769915714,0.6498067536386933,0.9950246024873408,1.0,,0
bmshj2018-factorized,256x256,30.0,0.9243283824937998,0.7395055509541253,0.9540994050801952,1.0,,0
bmshj2018-factorized,256x256,45.0,0.9389554985396468,0.7165288821739659,0.9573127993554676,1.0,,0
bmshj2018-factorized,256x256,60.0,0.998465113940876,0.6660801398302099,0.999949034368912,1.0,,0
bmshj2018-factorized,256x256,75.0,0.9907117323064074,0.7245722091338362,0.999965711917064,1.0,,0
bmshj2018-factorized,256x256,90.0,0.9898526729032172,0.7068433563380219,0.9940476837203632,1.0,,0
bmshj2018-hyperprior,256x256,0.0,0.8417368640609755,0.4397870382342672,0.9987773700655892,1.0,,0
bmshj2018-hyperprior,256x256,15.0,0.8395430414535534,0.4835717407469199,0.9997107170252538,1.0,,0
bmshj2018-hyperprior,256x256,30.0,0.7097136171596292,0.540069284419072,0.943666503580154,1.0,,0
bmshj2018-hyperprior,256x256,45.0,0.8317365454519782,0.4359341863482672,0.9896182735969464,1.0,,0
bmshj2018-hyperprior,256x256,60.0,0.8228932988830346,0.5063096418621302,0.9997573269324548,1.0,,0
bmshj2018-hyperprior,256x256,75.0,0.6490479418353302,0.5596891313104799,0.999931194494236,1.0,,0
bmshj2018-hyperprior,256x256,90.0,0.7873960921972345,0.4397097924430431,0.9902268301952566,1.0,,0
mbt2018-mean,256x256,0.0,0.754403970526381,0.4242857287470072,0.99884376726471,1.0,,0
mbt2018-mean,256x256,15.0,0.7518035624075718,0.4668551825422342,0.997539528303905,1.0,,0
mbt2018-mean,256x256,30.0,0.645800803055909,0.500836418490327,0.930676197848195,1.0,,0
mbt2018-mean,256x256,45.0,0.7629006702655361,0.46832908567642,0.951705968122317,1.0,,0
mbt2018-mean,256x256,60.0,0.7163353247292779,0.4531582836619068,0.99989652666067,1.0,,0
mbt2018-mean,256x256,75.0,0.6494073224865604,0.4985136176929498,0.9996487876441592,1.0,,0
mbt2018-mean,256x256,90.0,0.7601610045250092,0.4261079620916381,0.990448539454878,1.0,,0
mbt2018,256x256,0.0,0.7182378432625155,0.360250382363042,0.9893423898071212,1.0,,0
mbt2018,256x256,15.0,0.6183232371272167,0.4225367959471554,0.9887930260891968,1.0,,0
mbt2018,256x256,30.0,0.6686551605750509,0.4547859437448279,0.9779077585929902,1.0,,0
mbt2018,256x256,45.0,0.695263665316054,0.429121368254278,0.9741262925115852,1.0,,0
mbt2018,256x256,60.0,0.6519725702459447,0.4270454073752232,0.9994501992507782,1.0,,0
mbt2018,256x256,75.0,0.6490244354660674,0.438041384053154,0.9997559565344756,1.0,,0
mbt2018,256x256,90.0,0.6609773674367848,0.3897766419984286,0.9839226710820314,1.0,,0
jpeg,256x256,0.0,0.0580216164793401,0.0206965831344558,0.1026849147643927,1.0,,0
jpeg,256x256,15.0,0.0373025821914741,0.0302512166431255,0.0927869436211056,1.0,,0
jpeg,256x256,30.0,0.0483256740628216,0.044908664389561,0.0488204922443925,1.0,,0
jpeg,256x256,45.0,0.059511980439188,0.021985454995215,0.0942174799686271,1.0,,0
jpeg,256x256,60.0,0.0387776813815425,0.0304522248991201,0.1030055265478744,1.0,,0
jpeg,256x256,75.0,0.0494646208088401,0.0441692574428937,0.0540966212176078,1.0,,0
jpeg,256x256,90.0,0.0585495905053377,0.0212511537522067,0.1028010149634668,1.0,,0
jpegxl,256x256,0.0,0.0094887265453485,0.0057443351868971,0.0146278768112421,1.0,,0
jpegxl,256x256,15.0,0.0102274177241144,0.0088800484906552,0.0205974523131696,1.0,,0
jpegxl,256x256,30.0,0.0104959127633587,0.0099644300618867,0.0134945900457614,1.0,,0
jpegxl,256x256,45.0,0.0105817051912398,0.0071762965373034,0.0155051168833867,1.0,,0
jpegxl,256x256,60.0,0.0094407565498588,0.0082078154291962,0.0192135154198435,1.0,,0
jpegxl,256x256,75.0,0.0105598854145649,0.0105773993840796,0.0134288154771907,1.0,,0
jpegxl,256x256,90.0,0.0098974513804765,0.0069795989238839,0.0107503384127886,1.0,,0
webp,256x256,0.0,0.016441176813667,0.0078964282395453,0.0169767428680858,1.0,,0
webp,256x256,15.0,0.0131820344958686,0.0111358030348185,0.0213260486886882,1.0,,0
webp,256x256,30.0,0.0144333977007837,0.0153453190290037,0.0134543820072513,1.0,,0
webp,256x256,45.0,0.016305250146881,0.0082303770557574,0.0164394377636903,1.0,,0
webp,256x256,60.0,0.0132260060817702,0.0103781519141974,0.0211109803560023,1.0,,0
webp,256x256,75.0,0.0145219702214706,0.0156616658237627,0.0133556416012253,1.0,,0
webp,256x256,90.0,0.0162129926184886,0.0081329901226857,0.0168060878015269,1.0,,0
ftic,256x256,0.0,0.0124755355868892,0.0097703860561299,0.0266470023796111,2.0,,0
ftic,256x256,15.0,0.0124799637930418,0.0105637112531177,0.0153853466770523,2.0,,0
ftic,256x256,30.0,0.0119859788904546,0.0110814383540158,0.0173050951471908,2.0,,0
ftic,256x256,45.0,0.0146359170640268,0.0130045405718532,0.0363783163441352,2.0,,0
ftic,256x256,60.0,0.0138813410869095,0.0116892079709392,0.0193337086284043,2.0,,0
ftic,256x256,75.0,0.0117362926250891,0.0097658169205742,0.0171673168201874,2.0,,0
ftic,256x256,90.0,0.0124753846350093,0.0096432566785242,0.0267084240636439,2.0,,0
cheng2020-anchor,256x256,0.0,0.6438599518401118,0.1318085740675914,0.7951586964004109,2.0,,0
cheng2020-anchor,256x256,15.0,0.2434273298872921,0.2074311804631222,0.95872900203342,2.0,,0
cheng2020-anchor,256x256,30.0,0.3578688577409521,0.2834372482878542,0.8104742188459179,2.0,,0
cheng2020-anchor,256x256,45.0,0.4694901439629905,0.0963392063438521,0.8560208334701854,2.0,,0
cheng2020-anchor,256x256,60.0,0.2376215950813811,0.2286286545613354,0.873143064136984,2.0,,0
cheng2020-anchor,256x256,75.0,0.396278734274468,0.3942589492557413,0.4035197237587679,2.0,,0
cheng2020-anchor,256x256,90.0,0.6627997504134547,0.138967902993165,0.7763894655871899,2.0,,0
cheng2020-attn,256x256,0.0,0.517595869342192,0.1951495402015737,0.8349600775271762,2.0,,0
cheng2020-attn,256x256,15.0,0.2514367435919392,0.233440755184778,0.9249480557717012,2.0,,0
cheng2020-attn,256x256,30.0,0.4741921346367904,0.3513073515149738,0.7866650402704727,2.0,,0
cheng2020-attn,256x256,45.0,0.5102619989045905,0.1296360557109437,0.8695894002530644,2.0,,0
cheng2020-attn,256x256,60.0,0.2467012103561647,0.2207291010358923,0.9246413284972838,2.0,,0
cheng2020-attn,256x256,75.0,0.4154253284410017,0.3559366944493572,0.6028399535762188,2.0,,0
cheng2020-attn,256x256,90.0,0.5341750548667863,0.1998420502937193,0.8309528693935138,2.0,,0
bmshj2018-factorized,256x256,0.0,0.9414839769303188,0.6209535075715149,0.9994953270977114,2.0,,0
bmshj2018-factorized,256x256,15.0,0.9665644387891732,0.612690247782169,0.9903716489724048,2.0,,0
bmshj2018-factorized,256x256,30.0,0.9004145150040379,0.6643344583123062,0.9750180603951444,2.0,,0
bmshj2018-factorized,256x256,45.0,0.940051156695433,0.6284478620223448,0.967282321682556,2.0,,0
bmshj2018-factorized,256x256,60.0,0.9949654663877427,0.6077450642173751,0.9998771410643398,2.0,,0
bmshj2018-factorized,256x256,75.0,0.9016436986144108,0.6790824045473217,0.9999201048313684,2.0,,0
bmshj2018-factorized,256x256,90.0,0.9430114536478692,0.6330949763533723,0.9927251418601843,2.0,,0
bmshj2018-hyperprior,256x256,0.0,0.6117089382624011,0.3032305018423611,0.9699721848787224,2.0,,0
bmshj2018-hyperprior,256x256,15.0,0.5546436693893884,0.3816351590232925,0.9516670080388452,2.0,,0
bmshj2018-hyperprior,256x256,30.0,0.5968165667827712,0.4733338488254499,0.9520685412746746,2.0,,0
bmshj2018-hyperprior,256x256,45.0,0.732266591268986,0.4539334955338081,0.9419369358018604,2.0,,0
bmshj2018-hyperprior,256x256,60.0,0.8099736249618494,0.4169864420711426,0.9983773139570304,2.0,,0
bmshj2018-hyperprior,256x256,75.0,0.5760205254322398,0.3993107293624501,0.9773710412714574,2.0,,0
bmshj2018-hyperprior,256x256,90.0,0.6171694924595255,0.2951281587824701,0.966205578277174,2.0,,0
mbt2018-mean,256x256,0.0,0.617777329375711,0.3116513955349945,0.96917202873705,2.0,,0
mbt2018-mean,256x256,15.0,0.6068733583404753,0.3458104980853362,0.9949086665741986,2.0,,0
mbt2018-mean,256x256,30.0,0.6091830526483945,0.5198886538192704,0.9657886762337616,2.0,,0
mbt2018-mean,256x256,45.0,0.6643314775098106,0.3258116393806232,0.958917230401528,2.0,,0
mbt2018-mean,256x256,60.0,0.5787871376277955,0.3847917598855938,0.9952226532927396,2.0,,0
mbt2018-mean,256x256,75.0,0.5290633435036629,0.3886063667069668,0.9737930591723116,2.0,,0
mbt2018-mean,256x256,90.0,0.6040447143532516,0.3215614815819914,0.960140221890192,2.0,,0
mbt2018,256x256,0.0,0.5440944951181308,0.2595951771131126,0.9005688901167788,2.0,,0
mbt2018,256x256,15.0,0.3833897490078019,0.3031220369237855,0.9634216224393892,2.0,,0
mbt2018,256x256,30.0,0.495050652942418,0.3735294384734863,0.8867662167456889,2.0,,0
mbt2018,256x256,45.0,0.6290751412676383,0.2800728049004185,0.9179418589520892,2.0,,0
mbt2018,256x256,60.0,0.5973306739193488,0.3719834720165373,0.975400679185654,2.0,,0
mbt2018,256x256,75.0,0.5703706716412671,0.3493970944192405,0.8880408179829085,2.0,,0
mbt2018,256x256,90.0,0.5672488727686118,0.2525090253689258,0.8998787155949186,2.0,,0
jpeg,256x256,0.0,0.0271236143448314,0.0097708289657449,0.0439282186532028,2.0,,0
jpeg,256x256,15.0,0.0168283361119701,0.0140445210886612,0.0408250158295516,2.0,,0
jpeg,256x256,30.0,0.0214716266730427,0.0211978167193931,0.0209264286030936,2.0,,0
jpeg,256x256,45.0,0.0269970926035756,0.0101946552345579,0.0367664298826643,2.0,,0
jpeg,256x256,60.0,0.0178744290009834,0.0142587683230899,0.043055362856524,2.0,,0
jpeg,256x256,75.0,0.0219053063510657,0.0210207663376349,0.022599461077539,2.0,,0
jpeg,256x256,90.0,0.0275635682729071,0.0098315333988445,0.0433316133239074,2.0,,0
webp,256x256,0.0,0.00863016111745,0.004697067316741,0.0089535520568982,2.0,,0
webp,256x256,15.0,0.0071265589989189,0.0063159385953827,0.0111299933716046,2.0,,0
webp,256x256,30.0,0.0077539323638587,0.0081561550278066,0.0074206807232726,2.0,,0
webp,256x256,45.0,0.0082608834894052,0.0048442968276201,0.0081045247033797,2.0,,0
webp,256x256,60.0,0.0075436160783009,0.0058132642981795,0.0109236694396765,2.0,,0
webp,256x256,75.0,0.0080923152214976,0.0085232463060982,0.0076191186186107,2.0,,0
webp,256x256,90.0,0.0085692548071547,0.0048596977484307,0.0088144760931369,2.0,,0
jpegxl,256x256,0.0,0.0063068673296342,0.0039791067379293,0.0092158764492622,2.0,,0
jpegxl,256x256,15.0,0.0068762392149198,0.0059511972503936,0.0131325459753318,2.0,,0
jpegxl,256x256,30.0,0.0067575836211495,0.0072917670483184,0.0088256493193447,2.0,,0
jpegxl,256x256,45.0,0.007076282726449,0.0045866784958241,0.0102334898996697,2.0,,0
jpegxl,256x256,60.0,0.0064943269022263,0.0055213979996751,0.0126547677151421,2.0,,0
jpegxl,256x256,75.0,0.0066876654717722,0.0076294092997107,0.0090946218747476,2.0,,0
jpegxl,256x256,90.0,0.006771028528081,0.0046630914476005,0.0070824895808151,2.0,,0
ftic,256x256,0.0,0.0084719106418111,0.0060966187479159,0.0237209226681303,3.0,,0
ftic,256x256,15.0,0.0085080221895916,0.0064266344356011,0.012250914417079,3.0,,0
ftic,256x256,30.0,0.0078411219252367,0.0066959280645224,0.0119837989800398,3.0,,0
ftic,256x256,45.0,0.0090735759850784,0.0066157330145064,0.0309173180346002,3.0,,0
ftic,256x256,60.0,0.0083756251622941,0.0066642449768636,0.0139252316828702,3.0,,0
ftic,256x256,75.0,0.0081034183433835,0.0060145887809004,0.0118088455006492,3.0,,0
ftic,256x256,90.0,0.0083294224297914,0.0060287814460756,0.0236678693297605,3.0,,0
cheng2020-anchor,256x256,0.0,0.6665103084009307,0.1288518676012255,0.7500188569014425,3.0,,0
cheng2020-anchor,256x256,15.0,0.2316466234117767,0.2032349073626813,0.9542256341418592,3.0,,0
cheng2020-anchor,256x256,30.0,0.3548730603483735,0.2958622220686761,0.8057900789058994,3.0,,0
cheng2020-anchor,256x256,45.0,0.4387496616839469,0.1106446906222332,0.8354044620300096,3.0,,0
cheng2020-anchor,256x256,60.0,0.2311652845798232,0.2035816076334896,0.872001538793293,3.0,,0
cheng2020-anchor,256x256,75.0,0.3766668259036997,0.3950560342434605,0.4291923904477068,3.0,,0
cheng2020-anchor,256x256,90.0,0.651379884207937,0.1313670600277454,0.7330139069551702,3.0,,0
cheng2020-attn,256x256,0.0,0.5054025271944009,0.1541891342776021,0.8674708626877833,3.0,,0
cheng2020-attn,256x256,15.0,0.262208125556119,0.2326697404747001,0.924206134550792,3.0,,0
cheng2020-attn,256x256,30.0,0.4554778871527332,0.3690766228057043,0.7473316608011542,3.0,,0
cheng2020-attn,256x256,45.0,0.5615947463770179,0.1254339940413605,0.8698852272070923,3.0,,0
cheng2020-attn,256x256,60.0,0.2473412508950636,0.2056103385838107,0.9352276831542532,3.0,,0
cheng2020-attn,256x256,75.0,0.4043465911124156,0.3519719824212651,0.5925622055965893,3.0,,0
cheng2020-attn,256x256,90.0,0.5211432599540544,0.1570301013984453,0.8648763205279703,3.0,,0
bmshj2018-factorized,256x256,0.0,0.853326190758869,0.5102384272606673,0.9990299256244836,3.0,,0
bmshj2018-factorized,256x256,15.0,0.9354840467462862,0.5287666119823701,0.9873418057999506,3.0,,0
bmshj2018-factorized,256x256,30.0,0.8499508912028514,0.6072485406009914,0.9363614407720142,3.0,,0
bmshj2018-factorized,256x256,45.0,0.8697619184716259,0.5545285018931151,0.9832778059206674,3.0,,0
bmshj2018-factorized,256x256,60.0,0.9587389116816252,0.5150823436793384,0.9998620457648836,3.0,,0
bmshj2018-factorized,256x256,75.0,0.8183273697681523,0.6109054595201581,0.9996581314469511,3.0,,0
bmshj2018-factorized,256x256,90.0,0.8739982202290573,0.5107995515758476,0.99049846990996,3.0,,0
bmshj2018-hyperprior,256x256,0.0,0.5040994987184908,0.2038924223393562,0.850551982779638,3.0,,0
bmshj2018-hyperprior,256x256,15.0,0.3286687539933861,0.2854424499645422,0.9284118120132052,3.0,,0
bmshj2018-hyperprior,256x256,30.0,0.5051483326282225,0.3090981772293022,0.7893766395848458,3.0,,0
bmshj2018-hyperprior,256x256,45.0,0.5529192776652507,0.3696053486106416,0.8822336886066509,3.0,,0
bmshj2018-hyperprior,256x256,60.0,0.5332149126721566,0.2530680257497031,0.908748830298814,3.0,,0
bmshj2018-hyperprior,256x256,75.0,0.4665401693948212,0.3306143169832853,0.8691663955420749,3.0,,0
bmshj2018-hyperprior,256x256,90.0,0.5197331549365609,0.2133791973201954,0.8601300393581855,3.0,,0
mbt2018-mean,256x256,0.0,0.4349656467490762,0.195583598481038,0.8365933410328884,3.0,,0
mbt2018-mean,256x256,15.0,0.2947682177093934,0.2410654964800284,0.9052771577826202,3.0,,0
mbt2018-mean,256x256,30.0,0.4539428404432217,0.3793819113570491,0.7477561719223826,3.0,,0
mbt2018-mean,256x256,45.0,0.4742954964608514,0.2607940975513405,0.8814081011074039,3.0,,0
mbt2018-mean,256x256,60.0,0.2484579486025891,0.2132401243191353,0.8653062189970799,3.0,,0
mbt2018-mean,256x256,75.0,0.375161022089132,0.2688130216278758,0.8458212658592612,3.0,,0
mbt2018-mean,256x256,90.0,0.44120808519161,0.1998348877743212,0.8426870202120139,3.0,,0
mbt2018,256x256,0.0,0.5723980140026568,0.221535437559421,0.8373113879328189,3.0,,0
mbt2018,256x256,15.0,0.4363014069072768,0.3468250068363397,0.8555170532875338,3.0,,0
mbt2018,256x256,30.0,0.6195922836879668,0.5042889093008273,0.7201829433164473,3.0,,0
mbt2018,256x256,45.0,0.6552728580557605,0.1870473499337179,0.8896139576724393,3.0,,0
mbt2018,256x256,60.0,0.3157909810098061,0.2417980763652557,0.8474555961694995,3.0,,0
mbt2018,256x256,75.0,0.4510745447110292,0.3147019370558743,0.6659250626476989,3.0,,0
mbt2018,256x256,90.0,0.637172655689883,0.2642841491886041,0.8252277744106823,3.0,,0
webp,256x256,0.0,0.0056035629613686,0.0032120572597709,0.0058172422735533,3.0,,0
webp,256x256,15.0,0.0048269758840105,0.0041006941452027,0.0068336752101189,3.0,,0
webp,256x256,30.0,0.005041767935198,0.0052486400545885,0.0048759158876371,3.0,,0
webp,256x256,45.0,0.0055190941016652,0.0032345848020575,0.005354157384941,3.0,,0
webp,256x256,60.0,0.0048374398449358,0.0037963790983573,0.0068770953470366,3.0,,0
webp,256x256,75.0,0.0051440567964363,0.0054111816384271,0.0048608306636724,3.0,,0
webp,256x256,90.0,0.0055675483631447,0.0033174339751003,0.0057098837516692,3.0,,0
jpeg,256x256,0.0,0.0172790843261461,0.0059898195663694,0.0259782767568979,3.0,,0
jpeg,256x256,15.0,0.0107803884127047,0.0086906056354215,0.0234559746614597,3.0,,0
jpeg,256x256,30.0,0.0130476126241483,0.0130813482836901,0.0123456703733941,3.0,,0
jpeg,256x256,45.0,0.0164439232735734,0.0065513745034243,0.0211418107435615,3.0,,0
jpeg,256x256,60.0,0.0109256590697116,0.0086698976969355,0.0239329661139484,3.0,,0
jpeg,256x256,75.0,0.0134873735609114,0.012623249749579,0.0136657206031887,3.0,,0
jpeg,256x256,90.0,0.0161380133469491,0.0060538511993378,0.0250042098671232,3.0,,0
jpegxl,256x256,0.0,0.0033833585739729,0.0024012914307589,0.0042435405974383,3.0,,0
jpegxl,256x256,15.0,0.0037816686507622,0.0032594445201509,0.0066342261109455,3.0,,0
jpegxl,256x256,30.0,0.0038727757956844,0.0041452237528468,0.0048158702898318,3.0,,0
jpegxl,256x256,45.0,0.0036994734681644,0.0026593585991372,0.0056203103103627,3.0,,0
jpegxl,256x256,60.0,0.0035523432902875,0.0030972135452182,0.0069498205713621,3.0,,0
jpegxl,256x256,75.0,0.0037899037671064,0.0043526335551549,0.0047314645308832,3.0,,0
jpegxl,256x256,90.0,0.0036710318089701,0.0026485379378874,0.0036175892558336,3.0,,0
ftic,256x256,0.0,0.0059502108525091,0.0037961882927722,0.0252469978946736,4.0,,0
ftic,256x256,15.0,0.0054531473606916,0.0038991703001576,0.0086570651628686,4.0,,0
ftic,256x256,30.0,0.0053772759586717,0.0044405333273334,0.0076037028072303,4.0,,0
ftic,256x256,45.0,0.0061489603157269,0.0042708121153995,0.0321148677356549,4.0,,0
ftic,256x256,60.0,0.0062434899237256,0.0048065806452242,0.0101913754698569,4.0,,0
ftic,256x256,75.0,0.0061779331995322,0.0042769354964262,0.0087563564386621,4.0,,0
ftic,256x256,90.0,0.0058965707190019,0.0038194271409944,0.0256810652163683,4.0,,0
cheng2020-anchor,256x256,0.0,0.5268951797398174,0.2015459707560147,0.5542749047984102,4.0,,0
cheng2020-anchor,256x256,15.0,0.9801878421213626,0.1982437245922485,0.9912178720354424,4.0,,0
cheng2020-anchor,256x256,30.0,0.5089897944410402,0.1612872427993048,0.6793878438482105,4.0,,0
cheng2020-anchor,256x256,45.0,0.3672901142158709,0.0725737831887175,0.9580575614659042,4.0,,0
cheng2020-anchor,256x256,60.0,0.0820945613690541,0.086981684617147,0.5701687040376768,4.0,,0
cheng2020-anchor,256x256,75.0,0.1916370712943297,0.2372930878744215,0.2488563868851202,4.0,,0
cheng2020-anchor,256x256,90.0,0.4622599236895867,0.102913359165939,0.5546928338794908,4.0,,0
cheng2020-attn,256x256,0.0,0.3507478222036476,0.0390265924701034,0.6598641318811649,4.0,,0
cheng2020-attn,256x256,15.0,0.0846499277627279,0.0750295807797477,0.6871062262760395,4.0,,0
cheng2020-attn,256x256,30.0,0.1282176714282817,0.0681186503227506,0.30032373120451,4.0,,0
cheng2020-attn,256x256,45.0,0.1587780763871495,0.0184096310190069,0.5717210030252153,4.0,,0
cheng2020-attn,256x256,60.0,0.0577473530739099,0.0664001582126756,0.4250490749354426,4.0,,0
cheng2020-attn,256x256,75.0,0.1547959048621821,0.1295075632598603,0.1231445275455454,4.0,,0
cheng2020-attn,256x256,90.0,0.3570337235891855,0.040252667612874,0.6298290261360338,4.0,,0
bmshj2018-factorized,256x256,0.0,0.7675976578586149,0.3737821585240891,0.9848397744671455,4.0,,0
bmshj2018-factorized,256x256,15.0,0.7704430234954089,0.4310480585696502,0.9691717020985224,4.0,,0
bmshj2018-factorized,256x256,30.0,0.6176923342973147,0.4980795831930942,0.9661819538488948,4.0,,0
bmshj2018-factorized,256x256,45.0,0.7510248112264629,0.3968296609981293,0.976187844630691,4.0,,0
bmshj2018-factorized,256x256,60.0,0.811789415440421,0.4200919256658176,0.9979848761144878,4.0,,0
bmshj2018-factorized,256x256,75.0,0.6126201436470736,0.4624168897270474,0.9828418744975111,4.0,,0
bmshj2018-factorized,256x256,90.0,0.757350951933148,0.3771891699859045,0.9760242399871236,4.0,,0
bmshj2018-hyperprior,256x256,0.0,0.4089831730740648,0.1452388753910857,0.7554431178140316,4.0,,0
bmshj2018-hyperprior,256x256,15.0,0.2569264863475243,0.1754677312193908,0.7762993659521449,4.0,,0
bmshj2018-hyperprior,256x256,30.0,0.3305086165273262,0.2455205345292882,0.543776785525977,4.0,,0
bmshj2018-hyperprior,256x256,45.0,0.441484026851398,0.210288241844549,0.7871985714437295,4.0,,0
bmshj2018-hyperprior,256x256,60.0,0.2094350879561876,0.1672652229622508,0.7330312522775304,4.0,,0
bmshj2018-hyperprior,256x256,75.0,0.346393434455075,0.3550079743767138,0.5868604369638658,4.0,,0
bmshj2018-hyperprior,256x256,90.0,0.4123338588555412,0.1378112745511502,0.7513066899096184,4.0,,0
mbt2018-mean,256x256,0.0,0.4921499233567775,0.166311257346687,0.7470349243444245,4.0,,0
mbt2018-mean,256x256,15.0,0.4555852438314632,0.1714171024356215,0.7427892420645011,4.0,,0
mbt2018-mean,256x256,30.0,0.3441057803374213,0.188289768515237,0.574487568816199,4.0,,0
mbt2018-mean,256x256,45.0,0.358231610183694,0.1394399429205876,0.7900720405726169,4.0,,0
mbt2018-mean,256x256,60.0,0.1869445971625283,0.1516204200955676,0.68651527277059,4.0,,0
mbt2018-mean,256x256,75.0,0.3600164827610425,0.4309511535061051,0.4483755494877942,4.0,,0
mbt2018-mean,256x256,90.0,0.4906451564160415,0.1526439140195261,0.7454692020563654,4.0,,0
mbt2018,256x256,0.0,0.3648041450143105,0.1541729969788363,0.7514060229388924,4.0,,0
mbt2018,256x256,15.0,0.2358736520793842,0.1766950984370381,0.7765900745483696,4.0,,0
mbt2018,256x256,30.0,0.3381104032145611,0.1860121556208156,0.5649575898001571,4.0,,0
mbt2018,256x256,45.0,0.3593074568927736,0.1068065701566235,0.7981850598051197,4.0,,0
mbt2018,256x256,60.0,0.167569401362318,0.1533085815712053,0.7038721126664387,4.0,,0
mbt2018,256x256,75.0,0.2848714632088619,0.1907203230174381,0.3194408236831529,4.0,,0
mbt2018,256x256,90.0,0.3674530833143873,0.1195561179787918,0.7449812454963836,4.0,,0
webp,256x256,0.0,0.0037662856199862,0.0022049701907485,0.0038000436042542,4.0,,0
webp,256x256,15.0,0.0032161442071844,0.0027766848498973,0.0045716569642297,4.0,,0
webp,256x256,30.0,0.0035245884458529,0.0036549300672549,0.0034388685855757,4.0,,0
webp,256x256,45.0,0.0037651534798116,0.0023274982645918,0.0036580258976465,4.0,,0
webp,256x256,60.0,0.0034064569118479,0.0027059447214598,0.0047451630341553,4.0,,0
webp,256x256,75.0,0.0035093672096556,0.0035570377724062,0.003297402078631,4.0,,0
webp,256x256,90.0,0.0037400912682021,0.0022222369743197,0.0037331208217727,4.0,,0
jpeg,256x256,0.0,0.0101006910282339,0.0036059754315278,0.0141804921563957,4.0,,0
jpeg,256x256,15.0,0.0066183082522984,0.0052974827962142,0.0131474383183074,4.0,,0
jpeg,256x256,30.0,0.0077297784488667,0.0079067279554741,0.0074759636900207,4.0,,0
jpeg,256x256,45.0,0.0096293252660045,0.0041938867433284,0.0119661869726057,4.0,,0
jpeg,256x256,60.0,0.0070015121879389,0.0054772843812377,0.0137203506369618,4.0,,0
jpeg,256x256,75.0,0.0080755844722265,0.0075332594437344,0.008510230711386,4.0,,0
jpeg,256x256,90.0,0.0097908180686812,0.0038071742399904,0.0144451080172873,4.0,,0
jpegxl,256x256,0.0,0.0024129399795924,0.0016431842698464,0.0027618937553224,4.0,,0
jpegxl,256x256,15.0,0.0026203913089247,0.0021024310580193,0.0042640320061461,4.0,,0
jpegxl,256x256,30.0,0.0026597617636398,0.0027062442389391,0.0032089781490137,4.0,,0
jpegxl,256x256,45.0,0.0024581072880039,0.0017590744807938,0.0030204635458019,4.0,,0
jpegxl,256x256,60.0,0.0024506325676189,0.0020611316060115,0.0044581692933363,4.0,,0
jpegxl,256x256,75.0,0.002453668140138,0.0029843840380367,0.003007218018318,4.0,,0
jpegxl,256x256,90.0,0.0024817810487516,0.0018193502139699,0.0023723051853709,4.0,,0
ftic,256x256,0.0,0.0048125854819397,0.0024373241275346,0.0394404696288799,5.0,,0
ftic,256x256,15.0,0.0039696313050178,0.0027251156377342,0.0082832581690872,5.0,,0
ftic,256x256,30.0,0.0039385796201474,0.0032439887214558,0.0059131819814667,5.0,,0
ftic,256x256,45.0,0.0055800963699311,0.0028341514118793,0.037375529144519,5.0,,0
ftic,256x256,60.0,0.0042154252296722,0.0035853994158586,0.0098242135528617,5.0,,0
ftic,256x256,75.0,0.0051782484190029,0.0032073043469961,0.0071718828933367,5.0,,0
ftic,256x256,90.0,0.0046828198127372,0.0026418738288858,0.0374572762779469,5.0,,0
cheng2020-anchor,256x256,0.0,0.5498704704652542,0.0625396011378145,0.5725102541622797,5.0,,0
cheng2020-anchor,256x256,15.0,0.964258674033266,0.1979758354738462,0.971008924416788,5.0,,0
cheng2020-anchor,256x256,30.0,0.2845262774173343,0.1669252671740779,0.4999716100705064,5.0,,0
cheng2020-anchor,256x256,45.0,0.2430146572956809,0.0499163831817964,0.939734549427338,5.0,,0
cheng2020-anchor,256x256,60.0,0.4225345292512435,0.2619284872759662,0.8556775944944025,5.0,,0
cheng2020-anchor,256x256,75.0,0.2002933738612591,0.1759265172767435,0.2494094371293852,5.0,,0
cheng2020-anchor,256x256,90.0,0.4047376362206142,0.0639284472284381,0.5525763551155469,5.0,,0
cheng2020-attn,256x256,0.0,0.2649694855162408,0.0356443660218086,0.6809628550830717,5.0,,0
cheng2020-attn,256x256,15.0,0.0869679595008707,0.0637378119342067,0.6518077003410542,5.0,,0
cheng2020-attn,256x256,30.0,0.1507332071396023,0.0752288231906189,0.3576775799762899,5.0,,0
cheng2020-attn,256x256,45.0,0.1835612717213194,0.0137475663148045,0.6373969859796997,5.0,,0
cheng2020-attn,256x256,60.0,0.0713079002593921,0.0748236846831898,0.550826470528504,5.0,,0
cheng2020-attn,256x256,75.0,0.1373650106980931,0.0906542538596854,0.1513900449318677,5.0,,0
cheng2020-attn,256x256,90.0,0.274644377446481,0.0412387799236769,0.6464581029830518,5.0,,0
bmshj2018-factorized,256x256,0.0,0.6531354764454608,0.2734774181950717,0.9383377468308484,5.0,,0
bmshj2018-factorized,256x256,15.0,0.4295095014807685,0.3595587267313839,0.9581090319288628,5.0,,0
bmshj2018-factorized,256x256,30.0,0.5416641579331858,0.3854969792602563,0.9182156534489236,5.0,,0
bmshj2018-factorized,256x256,45.0,0.6075749333671474,0.2643461645023464,0.9574342976659788,5.0,,0
bmshj2018-factorized,256x256,60.0,0.4179002428599717,0.3516362401781525,0.9881939251204092,5.0,,0
bmshj2018-factorized,256x256,75.0,0.5290869415045043,0.388070472104952,0.942315529936737,5.0,,0
bmshj2018-factorized,256x256,90.0,0.6603978754841651,0.2745789287862579,0.935670867726922,5.0,,0
bmshj2018-hyperprior,256x256,0.0,0.3906905596812719,0.1092208615364725,0.7404870548112761,5.0,,0
bmshj2018-hyperprior,256x256,15.0,0.1921978274298322,0.1522021146295088,0.7369582925940948,5.0,,0
bmshj2018-hyperprior,256x256,30.0,0.3092501531761727,0.1834730504381788,0.5115418671417957,5.0,,0
bmshj2018-hyperprior,256x256,45.0,0.3560283749456928,0.0930110669402035,0.7673695246864352,5.0,,0
bmshj2018-hyperprior,256x256,60.0,0.1509246722756765,0.1320551673890634,0.7067270959703214,5.0,,0
bmshj2018-hyperprior,256x256,75.0,0.2931985946737171,0.2138219609094029,0.4090642595955457,5.0,,0
bmshj2018-hyperprior,256x256,90.0,0.3946326397986892,0.1086216664174608,0.7345941260157175,5.0,,0
mbt2018-mean,256x256,0.0,0.1279183279602271,0.0788098215813444,0.4803014345525495,5.0,,0
mbt2018-mean,256x256,15.0,0.097979275585901,0.0675783556205147,0.2507246531512372,5.0,,0
mbt2018-mean,256x256,30.0,0.0932086488627774,0.088870075348224,0.1311735159386611,5.0,,0
mbt2018-mean,256x256,45.0,0.220361199766926,0.0546371313289927,0.4942383975772864,5.0,,0
mbt2018-mean,256x256,60.0,0.0843210995885262,0.0652116014332558,0.5057808194835436,5.0,,0
mbt2018-mean,256x256,75.0,0.1104794856852832,0.0922411940448902,0.1298836279319082,5.0,,0
mbt2018-mean,256x256,90.0,0.1340885960861425,0.0751674647639382,0.5014087050095036,5.0,,0
mbt2018,256x256,0.0,0.107404113516939,0.0760613471321404,0.6051954182582837,5.0,,0
mbt2018,256x256,15.0,0.0886101008936544,0.0619332600069722,0.1312826367092207,5.0,,0
mbt2018,256x256,30.0,0.0908697795271571,0.0582689659628073,0.2529429702462485,5.0,,0
mbt2018,256x256,45.0,0.1574210807868493,0.0911272669249353,0.5958431433858622,5.0,,0
mbt2018,256x256,60.0,0.1055181458124073,0.0418852939653266,0.1832368486007466,5.0,,0
mbt2018,256x256,75.0,0.1060001582023604,0.0583572989087299,0.2890592915745245,5.0,,0
mbt2018,256x256,90.0,0.1064378803658078,0.0668278159841522,0.5969058376895852,5.0,,0
jpegxl,256x256,0.0,0.0013431252224194,0.0010043638046917,0.0015010253347841,5.0,,0
jpegxl,256x256,15.0,0.0014996959462599,0.0012362454313993,0.0022506209656962,5.0,,0
jpegxl,256x256,30.0,0.0014794699460977,0.0015699117648742,0.0017224723049664,5.0,,0
jpegxl,256x256,45.0,0.0013894214877819,0.0010547392397837,0.0015461863003852,5.0,,0
jpegxl,256x256,60.0,0.0014069709514654,0.0011743380582306,0.0022132380688313,5.0,,0
jpegxl,256x256,75.0,0.0014172664639419,0.0015858854105826,0.0017041985490044,5.0,,0
jpegxl,256x256,90.0,0.0014393672842822,0.0011098747518728,0.0012999935102033,5.0,,0
webp,256x256,0.0,0.0017898374056958,0.0011281767740973,0.0018106006316009,5.0,,0
webp,256x256,15.0,0.0016216676302451,0.0014250188793029,0.0021884279203064,5.0,,0
webp,256x256,30.0,0.0017360400306388,0.0017754797378615,0.0016676738946816,5.0,,0
webp,256x256,45.0,0.0017962608698829,0.0012140556027348,0.0017564264401979,5.0,,0
webp,256x256,60.0,0.0017463751982282,0.0013922135401354,0.0022720376997829,5.0,,0
webp,256x256,75.0,0.0017069890042578,0.0017276954958495,0.0017090986757737,5.0,,0
webp,256x256,90.0,0.0017889390281364,0.0011385359154212,0.0018094566684645,5.0,,0
jpeg,256x256,0.0,0.0039852667311436,0.001682344063377,0.0052110810764629,5.0,,0
jpeg,256x256,15.0,0.0027641629984936,0.0022523045959937,0.0050653125548267,5.0,,0
jpeg,256x256,30.0,0.0031109645059442,0.0031599956829757,0.0031038407985027,5.0,,0
jpeg,256x256,45.0,0.0037170918920322,0.0018111575648544,0.0044450965798483,5.0,,0
jpeg,256x256,60.0,0.0029977326304247,0.0023610156399827,0.0052642166278027,5.0,,0
jpeg,256x256,75.0,0.0033345187669145,0.0030429991633869,0.0035036043537176,5.0,,0
jpeg,256x256,90.0,0.0038679649464272,0.0017383363408967,0.0052477457140345,5.0,,0
identity,256x256,0.0,5.3290705182007506e-15,5.287437154777308e-15,5.263151026113633e-15,,,0
identity,256x256,15.0,4.884981308350689e-15,4.8711035205428735e-15,4.742733983320591e-15,,,0
identity,256x256,30.0,4.6629367034256575e-15,4.7357950894166826e-15,4.884981308350689e-15,,,0
identity,256x256,45.0,4.884981308350689e-15,4.937023012629993e-15,4.926614671774132e-15,,,0
identity,256x256,60.0,4.884981308350689e-15,4.822531263215524e-15,4.801714581503802e-15,,,0
identity,256x256,75.0,4.884981308350689e-15,4.81906181626357e-15,4.853756285783106e-15,,,0
identity,256x256,90.0,5.3290705182007506e-15,5.474787290182803e-15,5.388051116383963e-15,,,0
ftic,256x256,0.0,0.0044412311378786,0.0020024671578874,0.040027621990008,6.0,,0
ftic,256x256,15.0,0.0031617324649185,0.0021696956466232,0.0069701944428684,6.0,,0
ftic,256x256,30.0,0.0037579490502428,0.0028354397635102,0.0061491823344867,6.0,,0
ftic,256x256,45.0,0.005208387043185,0.0020768782849659,0.0471675140563622,6.0,,0
ftic,256x256,60.0,0.003125673150816,0.0026300946965792,0.0097327638952416,6.0,,0
ftic,256x256,75.0,0.0044398600729657,0.0027009244967179,0.0059075424400132,6.0,,0
ftic,256x256,90.0,0.0043612710387052,0.002091026518977,0.0376380158046919,6.0,,0
tcm,256x256,0.0,0.0278957013878016,0.012818734590347,0.1253438684673026,,64.0,0
tcm,256x256,15.0,0.0155934728510049,0.0114571176913023,0.0459835129516676,,64.0,0
tcm,256x256,30.0,0.017254766849712,0.012358752312528,0.0192345131995719,,64.0,0
tcm,256x256,45.0,0.0348201628044042,0.0107479932330543,0.1292215794228721,,64.0,0
tcm,256x256,60.0,0.0133407718706046,0.0107059136339841,0.054787205737038,,64.0,0
tcm,256x256,75.0,0.016509127552749,0.013610906172296,0.0198166639676917,,64.0,0
tcm,256x256,90.0,0.0270372509170156,0.011832208960606,0.1123067530053822,,64.0,0
tcm,256x256,0.0,0.0019154725457493,0.0013301040345243,0.0098183291324771,,128.0,0
tcm,256x256,15.0,0.0016769592200668,0.0013709393065753,0.0024122648591674,,128.0,0
tcm,256x256,30.0,0.0018221647506938,0.0015840646592116,0.0022716446688026,,128.0,0
tcm,256x256,45.0,0.0019537638064314,0.0014667499778566,0.0070395408326242,,128.0,0
tcm,256x256,60.0,0.0016493293684739,0.0013809864360259,0.0022968346314844,,128.0,0
tcm,256x256,75.0,0.0016079827140937,0.0014841167654512,0.0022370880326035,,128.0,0
tcm,256x256,90.0,0.00197949764117,0.0012811802412195,0.0113787111610057,,128.0,0
cheng2020-anchor,256x256,0.0,0.7654815190861497,0.3407687672989526,0.6622132402457699,6.0,,0
cheng2020-anchor,256x256,15.0,0.960355569475124,0.4179343007524996,0.9434691452027564,6.0,,0
cheng2020-anchor,256x256,30.0,0.3308429958522778,0.2652528301288493,0.4784057893204828,6.0,,0
cheng2020-anchor,256x256,45.0,0.6640874723944118,0.0653368494826771,0.94707932801136,6.0,,0
cheng2020-anchor,256x256,60.0,0.9125789948992008,0.5574663098187385,0.9661065271394716,6.0,,0
cheng2020-anchor,256x256,75.0,0.2547114989495464,0.2044113408840577,0.4950851630110392,6.0,,0
cheng2020-anchor,256x256,90.0,0.4707170296497526,0.0774139304821808,0.6432211961603889,6.0,,0
cheng2020-attn,256x256,0.0,0.3058126278286805,0.041752079008358,0.6703096602668428,6.0,,0
cheng2020-attn,256x256,15.0,0.1188846574968852,0.0890821478678079,0.683891506637909,6.0,,0
cheng2020-attn,256x256,30.0,0.1699276491396507,0.0783344123827574,0.3642500005979818,6.0,,0
cheng2020-attn,256x256,45.0,0.190866428825207,0.0133561648659994,0.6125174906309664,6.0,,0
cheng2020-attn,256x256,60.0,0.067410767883773,0.0713744589967529,0.5644253964998633,6.0,,0
cheng2020-attn,256x256,75.0,0.1779941529836448,0.1102297491134529,0.1758889715618122,6.0,,0
cheng2020-attn,256x256,90.0,0.3083313398661339,0.0450822291188996,0.6415070075078396,6.0,,0
bmshj2018-factorized,256x256,0.0,0.456579955380106,0.1321507023459058,0.8002016340289013,6.0,,0
bmshj2018-factorized,256x256,15.0,0.2192975195817583,0.1937743122017899,0.8712824606276288,6.0,,0
bmshj2018-factorized,256x256,30.0,0.3575810975845909,0.2317680221661437,0.6012356341517495,6.0,,0
bmshj2018-factorized,256x256,45.0,0.4086438099723976,0.1576220301962473,0.833417748133086,6.0,,0
bmshj2018-factorized,256x256,60.0,0.2686749855606757,0.1754242726880181,0.8115936462789156,6.0,,0
bmshj2018-factorized,256x256,75.0,0.340825728823065,0.2640816849472472,0.547908585449176,6.0,,0
bmshj2018-factorized,256x256,90.0,0.4513371222589822,0.129504076069153,0.803735759353597,6.0,,0
bmshj2018-hyperprior,256x256,0.0,0.1480524563553114,0.0488541698306424,0.4503168009915693,6.0,,0
bmshj2018-hyperprior,256x256,15.0,0.0757532142476308,0.061439653569693,0.2526118741993789,6.0,,0
bmshj2018-hyperprior,256x256,30.0,0.0975347953263524,0.0817408844724157,0.1569962888684811,6.0,,0
bmshj2018-hyperprior,256x256,45.0,0.1401532772266925,0.0425653222261999,0.5568112234763571,6.0,,0
bmshj2018-hyperprior,256x256,60.0,0.0751305879313513,0.0694570122334766,0.2178461448494483,6.0,,0
bmshj2018-hyperprior,256x256,75.0,0.122517566565953,0.0878205081209991,0.128468405230363,6.0,,0
bmshj2018-hyperprior,256x256,90.0,0.1553105503908795,0.0474700322916808,0.4576329011189435,6.0,,0
mbt2018-mean,256x256,0.0,0.1241576976721761,0.0568315836993836,0.3667876745702084,6.0,,0
mbt2018-mean,256x256,15.0,0.0680991463701646,0.0486187573056554,0.2184604607056313,6.0,,0
mbt2018-mean,256x256,30.0,0.0868828570309596,0.0783902339167901,0.1349783421275351,6.0,,0
mbt2018-mean,256x256,45.0,0.1197266808037531,0.0383542150657743,0.4452161228664537,6.0,,0
mbt2018-mean,256x256,60.0,0.0563297791079123,0.052874645704091,0.2204490231065543,6.0,,0
mbt2018-mean,256x256,75.0,0.0890347268079826,0.078902253180621,0.1006277824312263,6.0,,0
mbt2018-mean,256x256,90.0,0.1262341559087072,0.0494999276133612,0.3683969743955999,6.0,,0
mbt2018,256x256,0.0,0.1155429241228584,0.1294992076652793,0.3379074090029355,6.0,,0
mbt2018,256x256,15.0,0.0932956979862794,0.0487027150294109,0.1702443037992107,6.0,,0
mbt2018,256x256,30.0,0.0732777096147338,0.0506523010759088,0.4427230571194488,6.0,,0
mbt2018,256x256,45.0,0.0758628855873489,0.0392166152677371,0.4429588708462951,6.0,,0
mbt2018,256x256,60.0,0.052893003563856,0.0369678359005284,0.1094735425838681,6.0,,0
mbt2018,256x256,75.0,0.07199956204347,0.0647963866910065,0.1085617007556537,6.0,,0
mbt2018,256x256,90.0,0.1198945277031175,0.1222619377747949,0.3386419182206565,6.0,,0
webp,256x256,0.0,0.0002484024373816,0.0001945085046167,0.0002551818215295,6.0,,0
webp,256x256,15.0,0.0002421497105605,0.000212207560107,0.0002692615617837,6.0,,0
webp,256x256,30.0,0.0002463482230524,0.0002452789320374,0.0002461929317966,6.0,,0
webp,256x256,45.0,0.0002597910831295,0.0002182032663706,0.0002521034679902,6.0,,0
webp,256x256,60.0,0.0002556262250261,0.0002161780355152,0.0002790737859864,6.0,,0
webp,256x256,75.0,0.0002417132448443,0.0002441398669196,0.0002454003211048,6.0,,0
webp,256x256,90.0,0.0002478331309766,0.0001966363438427,0.000246739437793,6.0,,0
jpeg,256x256,0.0,0.0003575411679908,0.0002246822638139,0.0004205880643481,6.0,,0
jpeg,256x256,15.0,0.0003062248241458,0.0002511156539516,0.0004360166518988,6.0,,0
jpeg,256x256,30.0,0.0003141630148714,0.0002968281713118,0.000325287722091,6.0,,0
jpeg,256x256,45.0,0.0003535303975875,0.0002407579302048,0.0003987350959878,6.0,,0
jpeg,256x256,60.0,0.0003130825140019,0.0002678028630571,0.0004307235006572,6.0,,0
jpeg,256x256,75.0,0.0003347557252194,0.0003058983416594,0.0003569545324058,6.0,,0
jpeg,256x256,90.0,0.0003509696435174,0.0002291399902708,0.0004117326930006,6.0,,0
jpegxl,256x256,0.0,0.0006804549235961,0.0005981933902522,0.000717703242374,6.0,,0
jpegxl,256x256,15.0,0.0007779784855153,0.0005802098424446,0.0009630477644465,6.0,,0
jpegxl,256x256,30.0,0.0007378955996976,0.0007046820975208,0.0007991665081616,6.0,,0
jpegxl,256x256,45.0,0.0007004803608472,0.0006035987018384,0.0007671054448209,6.0,,0
jpegxl,256x256,60.0,0.0007542270863195,0.0005754235382554,0.0009707448409046,6.0,,0
jpegxl,256x256,75.0,0.000710522448531,0.0006802663221615,0.0007593640878386,6.0,,0
jpegxl,256x256,90.0,0.0006999201667237,0.0006425362662159,0.0006535070222907,6.0,,0
ftic,512x512,0.0,0.0172060286418179,0.0138123960283338,0.0383146032591082,1.0,,0
ftic,512x512,15.0,0.0175290761793041,0.0140150911887158,0.0217854760113831,1.0,,0
ftic,512x512,30.0,0.0162870265161983,0.0148229893018591,0.0228251843325986,1.0,,0
ftic,512x512,45.0,0.019132128186285,0.0143229252906487,0.0446716656756544,1.0,,0
ftic,512x512,60.0,0.0166619093023154,0.0154313393334241,0.0259954138172375,1.0,,0
ftic,512x512,75.0,0.0168598801412587,0.0149060350263503,0.0194823408556563,1.0,,0
ftic,512x512,90.0,0.0170831503587446,0.0134849533691608,0.0383301598782418,1.0,,0
cheng2020-anchor,512x512,0.0,0.6849452078977758,0.171729568582555,0.829270849271895,1.0,,0
cheng2020-anchor,512x512,15.0,0.2704774759415229,0.2403721202288909,0.9721554845105318,1.0,,0
cheng2020-anchor,512x512,30.0,0.4051002112891636,0.2921158776150914,0.8113565144292263,1.0,,0
cheng2020-anchor,512x512,45.0,0.4601920630833463,0.0966014201939754,0.8926712354035995,1.0,,0
cheng2020-anchor,512x512,60.0,0.2548033765324904,0.2299877179461542,0.9039327694948038,1.0,,0
cheng2020-anchor,512x512,75.0,0.4690448574747704,0.4544004166288424,0.5015534634710472,1.0,,0
cheng2020-anchor,512x512,90.0,0.6915965239083474,0.1627872162964335,0.8219040290390167,1.0,,0
cheng2020-attn,512x512,0.0,0.5744176253294513,0.1540029364712639,0.8278693601006994,1.0,,0
cheng2020-attn,512x512,15.0,0.2738315827955103,0.2541697087886512,0.957598147976524,1.0,,0
cheng2020-attn,512x512,30.0,0.4941389492137356,0.3823024975062616,0.7628697843883934,1.0,,0
cheng2020-attn,512x512,45.0,0.5322962163258278,0.1049458617951076,0.8794854429876011,1.0,,0
cheng2020-attn,512x512,60.0,0.2371481656154567,0.2370029722940776,0.9161782092545776,1.0,,0
cheng2020-attn,512x512,75.0,0.4153970316631387,0.3663337154039556,0.5857138640775308,1.0,,0
cheng2020-attn,512x512,90.0,0.5743783667009127,0.1523840750326034,0.8293973438290076,1.0,,0
bmshj2018-factorized,512x512,0.0,0.9891267004611664,0.7218510174549613,0.9999925408221,1.0,,0
bmshj2018-factorized,512x512,15.0,0.971880870176002,0.6700584826865178,0.9961476610904976,1.0,,0
bmshj2018-factorized,512x512,30.0,0.9418141244102374,0.7610499163944899,0.9721328403418146,1.0,,0
bmshj2018-factorized,512x512,45.0,0.9516963838195008,0.7176167472557259,0.9721276251116496,1.0,,0
bmshj2018-factorized,512x512,60.0,0.9988974608397938,0.712256783057889,0.9999804049743444,1.0,,0
bmshj2018-factorized,512x512,75.0,0.9893226141915324,0.7470580049023999,0.999989171449662,1.0,,0
bmshj2018-factorized,512x512,90.0,0.9912481722945036,0.7262802488757585,0.9976558722427386,1.0,,0
bmshj2018-hyperprior,512x512,0.0,0.8609949975632779,0.4627902074351442,0.9987181931071684,1.0,,0
bmshj2018-hyperprior,512x512,15.0,0.9187387394051214,0.4828562749418464,0.9997833020579509,1.0,,0
bmshj2018-hyperprior,512x512,30.0,0.7451129371134086,0.5593628239320185,0.9308900542969434,1.0,,0
bmshj2018-hyperprior,512x512,45.0,0.8498017882796939,0.4489347599879977,0.9818818407609232,1.0,,0
bmshj2018-hyperprior,512x512,60.0,0.8777904936185086,0.5293297580720888,0.9998881393865224,1.0,,0
bmshj2018-hyperprior,512x512,75.0,0.779570739726321,0.7051766212075807,0.9999644642052168,1.0,,0
bmshj2018-hyperprior,512x512,90.0,0.8589336840129951,0.4702225630860888,0.9941205323590718,1.0,,0
mbt2018-mean,512x512,0.0,0.793449143751574,0.4253935381910972,0.9968088922027224,1.0,,0
mbt2018-mean,512x512,15.0,0.7880679123141769,0.4658384545870975,0.9944268683716364,1.0,,0
mbt2018-mean,512x512,30.0,0.6752300733348231,0.5177125119883592,0.9163350125380278,1.0,,0
mbt2018-mean,512x512,45.0,0.7701149048196221,0.4949904378430058,0.9430692661739488,1.0,,0
mbt2018-mean,512x512,60.0,0.7724702379168575,0.5208503144794637,0.9998899260715616,1.0,,0
mbt2018-mean,512x512,75.0,0.7114008784448199,0.519954434510687,0.9997545804608547,1.0,,0
mbt2018-mean,512x512,90.0,0.800410265396412,0.4324253751776513,0.9926454378209156,1.0,,0
mbt2018,512x512,0.0,0.7257449279266481,0.406481669367469,0.9924939554051584,1.0,,0
mbt2018,512x512,15.0,0.6399442205210463,0.4163989098774207,0.994537266233638,1.0,,0
mbt2018,512x512,30.0,0.6424615497423185,0.4599374507647445,0.9842683742822482,1.0,,0
mbt2018,512x512,45.0,0.6953914332427715,0.4732750600849154,0.9817263363851546,1.0,,0
mbt2018,512x512,60.0,0.7035005886684136,0.4507226435018461,0.9984051725827188,1.0,,0
mbt2018,512x512,75.0,0.6739003773599839,0.4338132703035161,0.9998919881184012,1.0,,0
mbt2018,512x512,90.0,0.7144413901356265,0.3814264347023006,0.989442274589052,1.0,,0
jpeg,512x512,0.0,0.0597413866077531,0.0201012602119099,0.1035820651600067,1.0,,0
jpeg,512x512,15.0,0.0361178015610706,0.0303924396982571,0.0911738047846478,1.0,,0
jpeg,512x512,30.0,0.0477274739746407,0.0466049327219179,0.0470859976890914,1.0,,0
jpeg,512x512,45.0,0.0617580184107949,0.020830722181612,0.0948300804901741,1.0,,0
jpeg,512x512,60.0,0.0385392402260317,0.0312870360639254,0.0985252627132628,1.0,,0
jpeg,512x512,75.0,0.0506521812889133,0.0446295268260742,0.0545943172646906,1.0,,0
jpeg,512x512,90.0,0.0581284044702283,0.0200205139762123,0.1041665599477939,1.0,,0
webp,512x512,0.0,0.0164777893101606,0.0084431487300836,0.0170159713137115,1.0,,0
webp,512x512,15.0,0.0135667159822895,0.0114737229371841,0.0201411887170354,1.0,,0
webp,512x512,30.0,0.014156481549145,0.0149708132818703,0.0129917086988842,1.0,,0
webp,512x512,45.0,0.0165661573572876,0.0082947279436412,0.0164920707851521,1.0,,0
webp,512x512,60.0,0.0131917360466436,0.0104027244658102,0.0196791906961194,1.0,,0
webp,512x512,75.0,0.0149865667628916,0.0155648220903765,0.013984574588907,1.0,,0
webp,512x512,90.0,0.0164437644287188,0.0086139069206939,0.0167591179625306,1.0,,0
jpegxl,512x512,0.0,0.0077011013515602,0.0045364005032045,0.0120056504511936,1.0,,0
jpegxl,512x512,15.0,0.0086098471660982,0.0076120405437719,0.0163289361750234,1.0,,0
jpegxl,512x512,30.0,0.0085498299964926,0.0093270446794412,0.0124422780795667,1.0,,0
jpegxl,512x512,45.0,0.0082504979378664,0.0053997791402429,0.0126315515377218,1.0,,0
jpegxl,512x512,60.0,0.008369277416186,0.0074550863462747,0.0177186610438121,1.0,,0
jpegxl,512x512,75.0,0.008528829900155,0.0086055078926281,0.0117150072019313,1.0,,0
jpegxl,512x512,90.0,0.0081623820297204,0.0056842690072895,0.0078691778435461,1.0,,0
ftic,512x512,0.0,0.0128939912779174,0.0091837020837864,0.0342230602078811,2.0,,0
ftic,512x512,15.0,0.0125124334783803,0.0101346995522223,0.0161674378545485,2.0,,0
ftic,512x512,30.0,0.0118796310981609,0.0104832533103793,0.0158438497176945,2.0,,0
ftic,512x512,45.0,0.0140852055441723,0.0117381529342901,0.0478536186682148,2.0,,0
ftic,512x512,60.0,0.0139442515773952,0.0123166752349572,0.0178720855207195,2.0,,0
ftic,512x512,75.0,0.0125311954350522,0.0101472410048524,0.0163670967534314,2.0,,0
ftic,512x512,90.0,0.0120747044980692,0.0091173408520157,0.0379605941224608,2.0,,0
cheng2020-anchor,512x512,0.0,0.6563588284796718,0.1525946511246894,0.8273122702583103,2.0,,0
cheng2020-anchor,512x512,15.0,0.2642356165001956,0.2243468864168619,0.9680896364123266,2.0,,0
cheng2020-anchor,512x512,30.0,0.4116247747399049,0.3083505515527153,0.8261158798453682,2.0,,0
cheng2020-anchor,512x512,45.0,0.4794626728952659,0.0738996807790587,0.9116667147205588,2.0,,0
cheng2020-anchor,512x512,60.0,0.2392768379608188,0.2361661247021106,0.9286605417775868,2.0,,0
cheng2020-anchor,512x512,75.0,0.4311518130025967,0.4281557340975961,0.4616674268687307,2.0,,0
cheng2020-anchor,512x512,90.0,0.65160292589192,0.155330145108832,0.8130528143729854,2.0,,0
cheng2020-attn,512x512,0.0,0.523222624762941,0.188266009662139,0.8500876127588093,2.0,,0
cheng2020-attn,512x512,15.0,0.2534905851504803,0.2178508987702933,0.9250252595932948,2.0,,0
cheng2020-attn,512x512,30.0,0.4619196369915616,0.3518135574231454,0.7969634613643214,2.0,,0
cheng2020-attn,512x512,45.0,0.5103320447886361,0.1281845387844837,0.8625446266752458,2.0,,0
cheng2020-attn,512x512,60.0,0.257531323361455,0.2540208772394124,0.917019303351706,2.0,,0
cheng2020-attn,512x512,75.0,0.4329411701040153,0.3550994492716289,0.57141333239663,2.0,,0
cheng2020-attn,512x512,90.0,0.5301728554645825,0.1683360614081676,0.8499549758240094,2.0,,0
bmshj2018-factorized,512x512,0.0,0.951705684729949,0.6575544200712928,0.999902048368958,2.0,,0
bmshj2018-factorized,512x512,15.0,0.9724056106219018,0.616213573684121,0.9908754819935576,2.0,,0
bmshj2018-factorized,512x512,30.0,0.935346486186198,0.6793927821151624,0.9782074477406488,2.0,,0
bmshj2018-factorized,512x512,45.0,0.9427921917923516,0.6180116011358511,0.9753351013171214,2.0,,0
bmshj2018-factorized,512x512,60.0,0.9960709005758392,0.6410420173017182,0.9999342347979754,2.0,,0
bmshj2018-factorized,512x512,75.0,0.9273253759664442,0.72269015623297,0.9999621726559664,2.0,,0
bmshj2018-factorized,512x512,90.0,0.9536808587510488,0.6590583459841791,0.9961994673284442,2.0,,0
bmshj2018-hyperprior,512x512,0.0,0.6210084206541617,0.3049599920438521,0.982754491543662,2.0,,0
bmshj2018-hyperprior,512x512,15.0,0.5610268640390661,0.4016759132097238,0.941456612177003,2.0,,0
bmshj2018-hyperprior,512x512,30.0,0.6453879939747241,0.5019530373298775,0.9509476395340618,2.0,,0
bmshj2018-hyperprior,512x512,45.0,0.7780972513978015,0.5754816626548478,0.9722747331484004,2.0,,0
bmshj2018-hyperprior,512x512,60.0,0.7998105441115423,0.4523494013367627,0.9978312131884464,2.0,,0
bmshj2018-hyperprior,512x512,75.0,0.6461830331265921,0.4082430214051405,0.984072269695596,2.0,,0
bmshj2018-hyperprior,512x512,90.0,0.6353988366553455,0.3095361246355949,0.9781990027957796,2.0,,0
mbt2018-mean,512x512,0.0,0.6295477550419002,0.3255037082703194,0.9746963893598964,2.0,,0
mbt2018-mean,512x512,15.0,0.6249356226802523,0.3564977483098163,0.9967700837514076,2.0,,0
mbt2018-mean,512x512,30.0,0.6066440393522085,0.5215854114143027,0.9728783403725294,2.0,,0
mbt2018-mean,512x512,45.0,0.7248393774226156,0.3867011441309663,0.9689202160366512,2.0,,0
mbt2018-mean,512x512,60.0,0.6642310577177222,0.4376034594873108,0.9979133697226474,2.0,,0
mbt2018-mean,512x512,75.0,0.616156349001207,0.3793364084526371,0.9732180980304244,2.0,,0
mbt2018-mean,512x512,90.0,0.630715299755549,0.3368543780575934,0.966281814650132,2.0,,0
mbt2018,512x512,0.0,0.6072614835480091,0.2828123757740404,0.908483515214924,2.0,,0
mbt2018,512x512,15.0,0.4365425455646406,0.3143238552437024,0.970398078280428,2.0,,0
mbt2018,512x512,30.0,0.5605031311043475,0.444327623031105,0.8944349219729077,2.0,,0
mbt2018,512x512,45.0,0.6647564994432491,0.3177736512348894,0.9377511389000066,2.0,,0
mbt2018,512x512,60.0,0.6328584253943825,0.3802360022040336,0.9664810811173346,2.0,,0
mbt2018,512x512,75.0,0.5812142687631882,0.3943195922911906,0.9119627848996582,2.0,,0
mbt2018,512x512,90.0,0.6049866722250705,0.2703270640316876,0.9073114767256858,2.0,,0
jpeg,512x512,0.0,0.0271165906479259,0.0094836328043602,0.042953548293117,2.0,,0
jpeg,512x512,15.0,0.0167056138696759,0.0137272780239174,0.0390470460105803,2.0,,0
jpeg,512x512,30.0,0.0210785124076363,0.021318862256291,0.020102112374794,2.0,,0
jpeg,512x512,45.0,0.0266709235789489,0.0096685454649137,0.0399288177330439,2.0,,0
jpeg,512x512,60.0,0.0173875648775611,0.0138542081669176,0.0421480888146689,2.0,,0
jpeg,512x512,75.0,0.021766609989246,0.0207045439827348,0.0228863084432508,2.0,,0
jpeg,512x512,90.0,0.0267886565916367,0.009518756103508,0.0429679594163988,2.0,,0
jpegxl,512x512,0.0,0.0054355861098373,0.0033490902342219,0.0083784140613907,2.0,,0
jpegxl,512x512,15.0,0.0059587008202316,0.0051947595567503,0.0112118042741697,2.0,,0
jpegxl,512x512,30.0,0.0058059323869477,0.0067039608141058,0.0080527828497286,2.0,,0
jpegxl,512x512,45.0,0.0057370810251242,0.0038161630427611,0.0081754676460315,2.0,,0
jpegxl,512x512,60.0,0.0058769903155613,0.0048856002374697,0.0120555338235832,2.0,,0
jpegxl,512x512,75.0,0.0057716627870426,0.006348280575095,0.007854309915504,2.0,,0
jpegxl,512x512,90.0,0.0058781149732716,0.0038839729495982,0.0058621324623706,2.0,,0
webp,512x512,0.0,0.0082875620131386,0.004836818027516,0.0085024743814094,2.0,,0
webp,512x512,15.0,0.0071763088733982,0.00613266381573,0.0099121062695387,2.0,,0
webp,512x512,30.0,0.0077121714092186,0.0081452978304713,0.0071544207083391,2.0,,0
webp,512x512,45.0,0.0084891591681539,0.0048589700577685,0.0083614937691255,2.0,,0
webp,512x512,60.0,0.0072874178515021,0.0057706002579639,0.0101697051466984,2.0,,0
webp,512x512,75.0,0.0077200206770892,0.0078534870379793,0.0073637445942495,2.0,,0
webp,512x512,90.0,0.0083027909426173,0.0048990638209528,0.008377922243043,2.0,,0
ftic,512x512,0.0,0.0085365357945625,0.0057763914604827,0.0328257013294799,3.0,,0
ftic,512x512,15.0,0.0079844703500581,0.0061336684145359,0.0117320829567421,3.0,,0
ftic,512x512,30.0,0.007818433497985,0.005923271244792,0.0114386871975118,3.0,,0
ftic,512x512,45.0,0.0086253660147965,0.0063179920455529,0.0363843698141445,3.0,,0
ftic,512x512,60.0,0.0082340420016778,0.0071998365307635,0.0135395920198186,3.0,,0
ftic,512x512,75.0,0.0081369676520054,0.0056494883932664,0.0140526118778629,3.0,,0
ftic,512x512,90.0,0.0083798359563085,0.0059410553603404,0.0338615590297947,3.0,,0
cheng2020-anchor,512x512,0.0,0.668568852883181,0.1471759573216771,0.7688932425248974,3.0,,0
cheng2020-anchor,512x512,15.0,0.2386909899813504,0.2130129151706192,0.9580179343676534,3.0,,0
cheng2020-anchor,512x512,30.0,0.3977249436760065,0.33450043042288,0.8159736136310645,3.0,,0
cheng2020-anchor,512x512,45.0,0.4603601550835168,0.08203769861224,0.867260385936615,3.0,,0
cheng2020-anchor,512x512,60.0,0.224253818982533,0.2020027103541328,0.8618363666888118,3.0,,0
cheng2020-anchor,512x512,75.0,0.4029920571230152,0.4115240041073891,0.4869503354707644,3.0,,0
cheng2020-anchor,512x512,90.0,0.6760865586238334,0.1504692840826348,0.7633335318851502,3.0,,0
cheng2020-attn,512x512,0.0,0.5030413073014823,0.1546577837008449,0.8492549246914183,3.0,,0
cheng2020-attn,512x512,15.0,0.2521689056815677,0.2351940058512285,0.9187067408280404,3.0,,0
cheng2020-attn,512x512,30.0,0.4568973104625231,0.3589112086587788,0.7420586572515449,3.0,,0
cheng2020-attn,512x512,45.0,0.53021421039728,0.1224459332875423,0.8627124102772947,3.0,,0
cheng2020-attn,512x512,60.0,0.2321444924371032,0.2314924534620651,0.9229546340649356,3.0,,0
cheng2020-attn,512x512,75.0,0.398199188018671,0.3308508085875233,0.5176889316672479,3.0,,0
cheng2020-attn,512x512,90.0,0.5088086104194649,0.1353934770370367,0.8478863245085093,3.0,,0
bmshj2018-factorized,512x512,0.0,0.8729918173024271,0.5233372891397885,0.999203138545438,3.0,,0
bmshj2018-factorized,512x512,15.0,0.9393435336334106,0.5323377187096783,0.9863239845861218,3.0,,0
bmshj2018-factorized,512x512,30.0,0.8395233375300137,0.6363379916221253,0.9338326286175376,3.0,,0
bmshj2018-factorized,512x512,45.0,0.8928433869807602,0.564648249833162,0.984101761776851,3.0,,0
bmshj2018-factorized,512x512,60.0,0.9632790435982156,0.5231327638309556,0.9999245028679548,3.0,,0
bmshj2018-factorized,512x512,75.0,0.8472442771945424,0.6467462034044877,0.9999253577228384,3.0,,0
bmshj2018-factorized,512x512,90.0,0.8814908123163663,0.5272141916715708,0.9956789805910112,3.0,,0
bmshj2018-hyperprior,512x512,0.0,0.5568721071933096,0.2163058683966511,0.8656486388521376,3.0,,0
bmshj2018-hyperprior,512x512,15.0,0.3738903841941817,0.3002270410765105,0.949952264334055,3.0,,0
bmshj2018-hyperprior,512x512,30.0,0.4956843194520466,0.3212390570038488,0.8097085239632077,3.0,,0
bmshj2018-hyperprior,512x512,45.0,0.589330471792167,0.4287381731683064,0.8995831316435858,3.0,,0
bmshj2018-hyperprior,512x512,60.0,0.6217355580362186,0.2954511212732855,0.9139340918306272,3.0,,0
bmshj2018-hyperprior,512x512,75.0,0.5066459028017608,0.3485827904978804,0.8676090784571652,3.0,,0
bmshj2018-hyperprior,512x512,90.0,0.5562736348880921,0.2131865968291156,0.8664533171622615,3.0,,0
mbt2018-mean,512x512,0.0,0.4410340754087866,0.2055078251389382,0.8430588589360065,3.0,,0
mbt2018-mean,512x512,15.0,0.3109560611680916,0.2424259805080642,0.9080715665796066,3.0,,0
mbt2018-mean,512x512,30.0,0.4374455653552684,0.3502091917066898,0.7639258415966874,3.0,,0
mbt2018-mean,512x512,45.0,0.5285102792459311,0.3035756819214266,0.9026803658759426,3.0,,0
mbt2018-mean,512x512,60.0,0.2674876595909417,0.218677396859712,0.8845917921101235,3.0,,0
mbt2018-mean,512x512,75.0,0.3925115858686249,0.2743477423134335,0.87729582095821,3.0,,0
mbt2018-mean,512x512,90.0,0.441553828872873,0.2054429539779174,0.8438735886670488,3.0,,0
mbt2018,512x512,0.0,0.6571193349125406,0.2581304229504991,0.8591866766809529,3.0,,0
mbt2018,512x512,15.0,0.5268724839459777,0.4265724321498302,0.8794121395091247,3.0,,0
mbt2018,512x512,30.0,0.6771760670565798,0.6430638119442308,0.7455942022241038,3.0,,0
mbt2018,512x512,45.0,0.7628324217621559,0.2609120190462905,0.9157114694155166,3.0,,0
mbt2018,512x512,60.0,0.3988076400621997,0.3412400377050071,0.8913118853478109,3.0,,0
mbt2018,512x512,75.0,0.4677631959276209,0.4203235194760883,0.68405297391676,3.0,,0
mbt2018,512x512,90.0,0.6404010806690744,0.2672873394623486,0.8494316031640816,3.0,,0
webp,512x512,0.0,0.0053753167225627,0.0032971883972057,0.005502212000879,3.0,,0
webp,512x512,15.0,0.0047976806576323,0.0041030189693302,0.0061850472501008,3.0,,0
webp,512x512,30.0,0.0049504171318431,0.0051888377571412,0.0047068227480643,3.0,,0
webp,512x512,45.0,0.005477267514929,0.0033149686957442,0.0053749917971117,3.0,,0
webp,512x512,60.0,0.0048091908850818,0.0038700766686442,0.0064277376109966,3.0,,0
webp,512x512,75.0,0.0050306660374527,0.0050896970948745,0.0048056147018948,3.0,,0
webp,512x512,90.0,0.005447600697985,0.0033273403486918,0.0054775232726574,3.0,,0
jpegxl,512x512,0.0,0.0031331091148707,0.0020063536381683,0.0042362133678734,3.0,,0
jpegxl,512x512,15.0,0.0033312937989676,0.0027849301880035,0.0059351946367039,3.0,,0
jpegxl,512x512,30.0,0.003324337421268,0.0037103198329575,0.0043639898571004,3.0,,0
jpegxl,512x512,45.0,0.0032633999317756,0.0022093259251214,0.0041421042489564,3.0,,0
jpegxl,512x512,60.0,0.0031885692376303,0.0027386441146942,0.0061791255196392,3.0,,0
jpegxl,512x512,75.0,0.0031548540630083,0.0036336171715163,0.0041705349529743,3.0,,0
jpegxl,512x512,90.0,0.0032496160259402,0.0022541265739689,0.0034689653194746,3.0,,0
jpeg,512x512,0.0,0.0159319820607328,0.0059307858531363,0.0238458891434874,3.0,,0
jpeg,512x512,15.0,0.0104457530672241,0.0086352772761648,0.022448281963553,3.0,,0
jpeg,512x512,30.0,0.0125986788461422,0.0127817054327339,0.0121586178316817,3.0,,0
jpeg,512x512,45.0,0.0159068833942332,0.0062404921200735,0.0218941631285038,3.0,,0
jpeg,512x512,60.0,0.0110298559573201,0.0086731361977784,0.0238301994678642,3.0,,0
jpeg,512x512,75.0,0.0132120370430284,0.0124657361339016,0.0135671967982908,3.0,,0
jpeg,512x512,90.0,0.0158801169221612,0.0059597658304802,0.0238285498023003,3.0,,0
ftic,512x512,0.0,0.0065012842750289,0.0038455558628664,0.0334544360325848,4.0,,0
ftic,512x512,15.0,0.0053739340450932,0.0038138161052476,0.008845652104777,4.0,,0
ftic,512x512,30.0,0.005449775597843,0.0042650484692188,0.0073925647761343,4.0,,0
ftic,512x512,45.0,0.0061829369476101,0.0040473687594816,0.0402967347119354,4.0,,0
ftic,512x512,60.0,0.0053038766233085,0.0045359655932888,0.0096647725410085,4.0,,0
ftic,512x512,75.0,0.0062939080258584,0.0041764411551052,0.0089453212653896,4.0,,0
ftic,512x512,90.0,0.0058298902422345,0.003894292598715,0.0345185430056012,4.0,,0
cheng2020-anchor,512x512,0.0,0.5901866558334078,0.3174803907282837,0.5557981976242294,4.0,,0
cheng2020-anchor,512x512,15.0,0.9946654465881292,0.7354245341409389,0.9943537685987048,4.0,,0
cheng2020-anchor,512x512,30.0,0.959610274123334,0.3156545047513338,0.9962388841274268,4.0,,0
cheng2020-anchor,512x512,45.0,0.5288505084526549,0.0228092238942817,0.9981574212237578,4.0,,0
cheng2020-anchor,512x512,60.0,0.799929764762312,0.6884997924171288,0.9033329308669183,4.0,,0
cheng2020-anchor,512x512,75.0,0.4092137156606529,0.602902032914659,0.3114726146477413,4.0,,0
cheng2020-anchor,512x512,90.0,0.58472249639163,0.4609120978505937,0.5499132719794206,4.0,,0
cheng2020-attn,512x512,0.0,0.3526784948878765,0.0433239637849438,0.6615381636053723,4.0,,0
cheng2020-attn,512x512,15.0,0.0889525993836798,0.0875800801327662,0.6710879519392007,4.0,,0
cheng2020-attn,512x512,30.0,0.1299115261553164,0.0698820954011541,0.3103143232611811,4.0,,0
cheng2020-attn,512x512,45.0,0.1778909757430223,0.0220263036181043,0.5806294802277473,4.0,,0
cheng2020-attn,512x512,60.0,0.0557965134690361,0.0630480743845836,0.360080311250984,4.0,,0
cheng2020-attn,512x512,75.0,0.194950311396431,0.169617902615574,0.1454148709461747,4.0,,0
cheng2020-attn,512x512,90.0,0.3517725800390238,0.0387868259807784,0.6501695167591205,4.0,,0
bmshj2018-factorized,512x512,0.0,0.779653144948619,0.3840163745142432,0.9866476856665236,4.0,,0
bmshj2018-factorized,512x512,15.0,0.7765455919529296,0.4436706884861811,0.9635003866921484,4.0,,0
bmshj2018-factorized,512x512,30.0,0.6534511348080427,0.5033715085437203,0.9658649798045184,4.0,,0
bmshj2018-factorized,512x512,45.0,0.7505017876023921,0.4066648568746256,0.9740843194232638,4.0,,0
bmshj2018-factorized,512x512,60.0,0.8684844571806757,0.4258940887089149,0.9995057053893336,4.0,,0
bmshj2018-factorized,512x512,75.0,0.6143006839941461,0.4642728472990363,0.9814462115201934,4.0,,0
bmshj2018-factorized,512x512,90.0,0.762467622206558,0.3905639100705413,0.9824237547012212,4.0,,0
bmshj2018-hyperprior,512x512,0.0,0.4352447568439559,0.1497478932932997,0.7623780754862861,4.0,,0
bmshj2018-hyperprior,512x512,15.0,0.2523338224443536,0.1820392718185521,0.7910523230788149,4.0,,0
bmshj2018-hyperprior,512x512,30.0,0.3418594552657372,0.2441958355666791,0.5706214368709577,4.0,,0
bmshj2018-hyperprior,512x512,45.0,0.4580541405642109,0.2487960104513491,0.7958774337182299,4.0,,0
bmshj2018-hyperprior,512x512,60.0,0.219302274545006,0.1737801821298241,0.745774951973009,4.0,,0
bmshj2018-hyperprior,512x512,75.0,0.3469393540862256,0.3265649034583885,0.6140245227171989,4.0,,0
bmshj2018-hyperprior,512x512,90.0,0.4285310110952056,0.1448933961159679,0.7576923319253681,4.0,,0
mbt2018-mean,512x512,0.0,0.493405904021834,0.1725014142660269,0.7477441781894656,4.0,,0
mbt2018-mean,512x512,15.0,0.4674753387257436,0.1847919824202452,0.7452573792179018,4.0,,0
mbt2018-mean,512x512,30.0,0.3553417163511298,0.2115242635344316,0.6054104878568773,4.0,,0
mbt2018-mean,512x512,45.0,0.366747502770076,0.143894920548076,0.8024594597714785,4.0,,0
mbt2018-mean,512x512,60.0,0.1989096728153485,0.1558961509273714,0.6938817469892642,4.0,,0
mbt2018-mean,512x512,75.0,0.3880854329779087,0.5730986539492688,0.4370484319231287,4.0,,0
mbt2018-mean,512x512,90.0,0.4959516075170414,0.1701125884792965,0.7447419639332449,4.0,,0
mbt2018,512x512,0.0,0.3870292521136212,0.1588670539402079,0.7516840552930852,4.0,,0
mbt2018,512x512,15.0,0.2317642568901826,0.1755740015453497,0.7964833875162274,4.0,,0
mbt2018,512x512,30.0,0.3538449470197983,0.22647426004405,0.6086812355133266,4.0,,0
mbt2018,512x512,45.0,0.3821579453155142,0.0972356288018558,0.808137043156806,4.0,,0
mbt2018,512x512,60.0,0.1658054116532129,0.1537491505400152,0.7451656330573785,4.0,,0
mbt2018,512x512,75.0,0.2894647172285475,0.2227416564692822,0.3218503607281487,4.0,,0
mbt2018,512x512,90.0,0.3917975478440246,0.1325116446791815,0.7497999462913636,4.0,,0
jpegxl,512x512,0.0,0.0021099234025794,0.0013437177431637,0.0025784934462217,4.0,,0
jpegxl,512x512,15.0,0.0022943637271533,0.0018334619391569,0.003912907895315,4.0,,0
jpegxl,512x512,30.0,0.0022227855856556,0.0024512767083998,0.0028220012956038,4.0,,0
jpegxl,512x512,45.0,0.0021468652844728,0.001524798005837,0.0026279247697363,4.0,,0
jpegxl,512x512,60.0,0.0021974229638651,0.0018008294227678,0.0039765576740172,4.0,,0
jpegxl,512x512,75.0,0.0021120588625959,0.0023957106915356,0.002762014309654,4.0,,0
jpegxl,512x512,90.0,0.0020992938222985,0.0015160419807091,0.0021712449080859,4.0,,0
jpeg,512x512,0.0,0.0096706126992445,0.0036043399552056,0.0133007027917156,4.0,,0
jpeg,512x512,15.0,0.0064791797877185,0.0052696480904106,0.0128088417987371,4.0,,0
jpeg,512x512,30.0,0.0074330641844084,0.0076313355423963,0.0073801043351404,4.0,,0
jpeg,512x512,45.0,0.0095552371497912,0.0039986334889486,0.0116792288371588,4.0,,0
jpeg,512x512,60.0,0.0069841145171211,0.0054581124366404,0.0135267667896505,4.0,,0
jpeg,512x512,75.0,0.0079050096415941,0.0073276090302203,0.0083259789621737,4.0,,0
jpeg,512x512,90.0,0.0096038226689026,0.0036986164826169,0.013163225128655,4.0,,0
webp,512x512,0.0,0.0036876414283084,0.0022859429591392,0.0036988357559698,4.0,,0
webp,512x512,15.0,0.0033447614944673,0.0028637577282743,0.0042690060464858,4.0,,0
webp,512x512,30.0,0.0034219315679285,0.0035981039689106,0.0032988121075235,4.0,,0
webp,512x512,45.0,0.003721085683518,0.0023544350098287,0.0036292396189286,4.0,,0
webp,512x512,60.0,0.0033751135204884,0.0027489515443562,0.0044608648795926,4.0,,0
webp,512x512,75.0,0.0035116800253245,0.0035239564582073,0.0034092417421873,4.0,,0
webp,512x512,90.0,0.003678263649499,0.0022833762027536,0.0036311551924874,4.0,,0
ftic,512x512,0.0,0.004925597784755,0.0027042232223756,0.0563822291293777,5.0,,0
ftic,512x512,15.0,0.0037862537883305,0.0026735821305395,0.0079914941925766,5.0,,0
ftic,512x512,30.0,0.0041753333416716,0.0032360060104944,0.0056582978183947,5.0,,0
ftic,512x512,45.0,0.0053937222236173,0.0032019739930883,0.0563503079088309,5.0,,0
ftic,512x512,60.0,0.0045035191464266,0.0031617863001027,0.0097561867618243,5.0,,0
ftic,512x512,75.0,0.0054784026295466,0.0032444198122963,0.0073941535415994,5.0,,0
ftic,512x512,90.0,0.0048293478153428,0.0025702797508996,0.0601804982389767,5.0,,0
cheng2020-anchor,512x512,0.0,0.5557329878403245,0.2471304692052211,0.5508549503824159,5.0,,0
cheng2020-anchor,512x512,15.0,0.9736380733872976,0.7622760047024395,0.9943391482301964,5.0,,0
cheng2020-anchor,512x512,30.0,0.7896989886674799,0.3292493478121272,0.9008057157927292,5.0,,0
cheng2020-anchor,512x512,45.0,0.9020197071442256,0.1593420527969815,0.978467371528617,5.0,,0
cheng2020-anchor,512x512,60.0,0.8962703462716424,0.744532091291674,0.8810843857046049,5.0,,0
cheng2020-anchor,512x512,75.0,0.8480940766545448,0.6547085190778118,0.6273936424250014,5.0,,0
cheng2020-anchor,512x512,90.0,0.5760831404500377,0.3410561351607687,0.5711881141964338,5.0,,0
cheng2020-attn,512x512,0.0,0.2549154258425322,0.042689095443253,0.6969211020995862,5.0,,0
cheng2020-attn,512x512,15.0,0.0991184440860937,0.0764596954649824,0.6039435411470573,5.0,,0
cheng2020-attn,512x512,30.0,0.1680062281350179,0.0719760812354895,0.3223425302288037,5.0,,0
cheng2020-attn,512x512,45.0,0.2216568444073957,0.0174028242486963,0.6627475799347134,5.0,,0
cheng2020-attn,512x512,60.0,0.072846988395571,0.0805297633081718,0.4826156606395398,5.0,,0
cheng2020-attn,512x512,75.0,0.181968682297037,0.1268512689084741,0.1961309378007195,5.0,,0
cheng2020-attn,512x512,90.0,0.2587037178339318,0.0418214488050074,0.7021476446402415,5.0,,0
bmshj2018-factorized,512x512,0.0,0.6569659486707764,0.2784418859401677,0.948738921366524,5.0,,0
bmshj2018-factorized,512x512,15.0,0.4592214592504583,0.3565309251162886,0.9437612417317156,5.0,,0
bmshj2018-factorized,512x512,30.0,0.5429073977811796,0.3966275676149387,0.9328309384283217,5.0,,0
bmshj2018-factorized,512x512,45.0,0.6286941476718,0.2732829240522029,0.957609464959322,5.0,,0
bmshj2018-factorized,512x512,60.0,0.472161716157463,0.3531880546419897,0.9887634310173612,5.0,,0
bmshj2018-factorized,512x512,75.0,0.5366080866445471,0.3982354364701118,0.9462834621877736,5.0,,0
bmshj2018-factorized,512x512,90.0,0.6578546991164096,0.283123254339077,0.9436021866698222,5.0,,0
bmshj2018-hyperprior,512x512,0.0,0.4302051189710795,0.112870416194378,0.7508887976073584,5.0,,0
bmshj2018-hyperprior,512x512,15.0,0.1940719081046904,0.1526933013744392,0.748433023304363,5.0,,0
bmshj2018-hyperprior,512x512,30.0,0.3254424616037629,0.2266548011295918,0.5402078179785648,5.0,,0
bmshj2018-hyperprior,512x512,45.0,0.3743255459899551,0.0900655038035592,0.7788101142369961,5.0,,0
bmshj2018-hyperprior,512x512,60.0,0.1552355588050278,0.1445648508439351,0.7519544594108779,5.0,,0
bmshj2018-hyperprior,512x512,75.0,0.3468514758532133,0.3121718416788656,0.433295275155662,5.0,,0
bmshj2018-hyperprior,512x512,90.0,0.4246884379127901,0.1106458231881887,0.7472900022576026,5.0,,0
mbt2018-mean,512x512,0.0,0.1344342486931137,0.0690515161113782,0.5933115607752684,5.0,,0
mbt2018-mean,512x512,15.0,0.0866856189263012,0.0511327531781843,0.2011843458996356,5.0,,0
mbt2018-mean,512x512,30.0,0.0885501962868131,0.0805118817229088,0.1169598982287054,5.0,,0
mbt2018-mean,512x512,45.0,0.2998697630575708,0.0488788460932061,0.5562348732144493,5.0,,0
mbt2018-mean,512x512,60.0,0.0795864848629256,0.0594288736726253,0.4925107846534872,5.0,,0
mbt2018-mean,512x512,75.0,0.1178412611099882,0.0848754006833381,0.1269312531008269,5.0,,0
mbt2018-mean,512x512,90.0,0.125610331648494,0.0637446618109046,0.6151110247585585,5.0,,0
mbt2018,512x512,0.0,0.1033166434084441,0.0747967682767239,0.6439462231657136,5.0,,0
mbt2018,512x512,15.0,0.0830560795602886,0.0603027430300985,0.1368226777818714,5.0,,0
mbt2018,512x512,30.0,0.0929968462084606,0.0515497794353164,0.2588112238939581,5.0,,0
mbt2018,512x512,45.0,0.1623168255365626,0.0921144873400395,0.6352747329991986,5.0,,0
mbt2018,512x512,60.0,0.1068167593036309,0.0399091469981591,0.18188827962886,5.0,,0
mbt2018,512x512,75.0,0.1386028737219383,0.0554530745859223,0.2737910717434684,5.0,,0
mbt2018,512x512,90.0,0.0997809351343883,0.0671416701626267,0.6409685782314863,5.0,,0
jpegxl,512x512,0.0,0.0011596431196683,0.0008585044945057,0.0013949943886573,5.0,,0
jpegxl,512x512,15.0,0.0013313478789085,0.0010431626131444,0.0020901903543946,5.0,,0
jpegxl,512x512,30.0,0.0012796281942574,0.0013328052333028,0.0015876009113328,5.0,,0
jpegxl,512x512,45.0,0.0012284108647757,0.0009284343697884,0.0014672033715975,5.0,,0
jpegxl,512x512,60.0,0.0012477461146556,0.0010336587811898,0.0020598920848863,5.0,,0
jpegxl,512x512,75.0,0.0012177534615018,0.0013061031914739,0.0015373599580814,5.0,,0
jpegxl,512x512,90.0,0.0011696751370062,0.0009091067675184,0.0011888170381367,5.0,,0
webp,512x512,0.0,0.0017804047692102,0.0011786777837411,0.001764960952395,5.0,,0
webp,512x512,15.0,0.0016210887321717,0.0014384960473963,0.0020526076663398,5.0,,0
webp,512x512,30.0,0.0017118831400035,0.0017682006491776,0.0016282976617338,5.0,,0
webp,512x512,45.0,0.0018048716930431,0.0012318853132433,0.0017517808360075,5.0,,0
webp,512x512,60.0,0.001699289101989,0.0014103920244867,0.002124229118902,5.0,,0
webp,512x512,75.0,0.001728529293669,0.0017345771777113,0.0017057399773478,5.0,,0
webp,512x512,90.0,0.0017607584801922,0.0011875818813819,0.0017511451404517,5.0,,0
jpeg,512x512,0.0,0.0039399680253894,0.0016149567713247,0.0051353694157154,5.0,,0
jpeg,512x512,15.0,0.0026356128953421,0.0021970787019916,0.0049271583211672,5.0,,0
jpeg,512x512,30.0,0.0030208854418454,0.0030857073894733,0.0030316001333576,5.0,,0
jpeg,512x512,45.0,0.0036946876588255,0.0017414400997688,0.004483721547246,5.0,,0
jpeg,512x512,60.0,0.0028815601207089,0.0023274834050346,0.0051335121611254,5.0,,0
jpeg,512x512,75.0,0.0032697004807661,0.0029604423606698,0.0034349240542346,5.0,,0
jpeg,512x512,90.0,0.0038271169062317,0.0016626827734614,0.0050330451670738,5.0,,0
ftic,512x512,0.0,0.0046341619212328,0.0019938040732299,0.0485136218593401,6.0,,0
ftic,512x512,15.0,0.0030083998894895,0.0021549109109682,0.0078462126742266,6.0,,0
ftic,512x512,30.0,0.0037234060706336,0.0026034756577868,0.0051629328370805,6.0,,0
ftic,512x512,45.0,0.0052238556573401,0.0021268889307275,0.0535945949291324,6.0,,0
ftic,512x512,60.0,0.0029413913254282,0.0024308353443042,0.0089837809092921,6.0,,0
ftic,512x512,75.0,0.0046991139101432,0.002458769376468,0.0059008061487059,6.0,,0
ftic,512x512,90.0,0.004587202882164,0.0020138073874275,0.047284763676199,6.0,,0
tcm,512x512,0.0,0.0267676275818827,0.012702538397311,0.1119365794302432,,64.0,0
tcm,512x512,15.0,0.0168878416459944,0.0133037738623561,0.0458327290927284,,64.0,0
tcm,512x512,30.0,0.0186590804510511,0.015686783113313,0.0216059107534941,,64.0,0
tcm,512x512,45.0,0.0385465794016411,0.0137977011233927,0.1382437704517972,,64.0,0
tcm,512x512,60.0,0.0160740230509444,0.0123978144541624,0.0804149170642636,,64.0,0
tcm,512x512,75.0,0.0172249773813737,0.0130061800763838,0.0217846605875151,,64.0,0
tcm,512x512,90.0,0.0271755418011177,0.0119412529357767,0.1115534648092238,,64.0,0
tcm,512x512,0.0,0.0018758307456208,0.001276000642385,0.0090754871871858,,128.0,0
tcm,512x512,15.0,0.0017083443623547,0.0013710709761548,0.002377464869996,,128.0,0
tcm,512x512,30.0,0.0018275502697964,0.0016104132354744,0.0022045605701127,,128.0,0
tcm,512x512,45.0,0.0018905568067733,0.0013974147662822,0.0073792480233297,,128.0,0
tcm,512x512,60.0,0.0016627966087544,0.0013289902149898,0.0023372501477731,,128.0,0
tcm,512x512,75.0,0.0016357543072311,0.0014712013709616,0.0021381115487494,,128.0,0
tcm,512x512,90.0,0.0018932135491008,0.001260345926793,0.0097341272094399,,128.0,0
cheng2020-anchor,512x512,0.0,0.7229675505863057,0.2811331623390383,0.6297911731059249,6.0,,0
cheng2020-anchor,512x512,15.0,0.9857400659550944,0.8789641259936292,0.9840098712298746,6.0,,0
cheng2020-anchor,512x512,30.0,0.919908676583872,0.4067193583553429,0.9404574456854208,6.0,,0
cheng2020-anchor,512x512,45.0,0.6865367305836837,0.1373802239298048,0.9759485785526149,6.0,,0
cheng2020-anchor,512x512,60.0,0.9830656769124192,0.9140656520923442,0.9404371201023952,6.0,,0
cheng2020-anchor,512x512,75.0,0.9946259772907012,0.7754681432135019,0.7839397439348488,6.0,,0
cheng2020-anchor,512x512,90.0,0.6397807501518555,0.0579370950715596,0.6097324537292841,6.0,,0
cheng2020-attn,512x512,0.0,0.2964398644487198,0.0574672006820781,0.6799128718013981,6.0,,0
cheng2020-attn,512x512,15.0,0.1133462021753469,0.0956662132562836,0.659951024194084,6.0,,0
cheng2020-attn,512x512,30.0,0.1827048285629174,0.0883859224294347,0.3622838647079335,6.0,,0
cheng2020-attn,512x512,45.0,0.2276546431890075,0.0173020912446098,0.6406156121836768,6.0,,0
cheng2020-attn,512x512,60.0,0.0699051218829666,0.0775814554027111,0.5081984039660743,6.0,,0
cheng2020-attn,512x512,75.0,0.1949186708996161,0.1359667224414266,0.1849858544695243,6.0,,0
cheng2020-attn,512x512,90.0,0.2940416131238782,0.0568298311304767,0.6868758449100513,6.0,,0
bmshj2018-factorized,512x512,0.0,0.4551708983477016,0.1368560856247212,0.8170511780779122,6.0,,0
bmshj2018-factorized,512x512,15.0,0.2199133654689232,0.1978284706507541,0.8725464097493396,6.0,,0
bmshj2018-factorized,512x512,30.0,0.3588937361898247,0.2370097112164971,0.6309300875984769,6.0,,0
bmshj2018-factorized,512x512,45.0,0.4205423028474101,0.1631930808189555,0.8467291774968343,6.0,,0
bmshj2018-factorized,512x512,60.0,0.2715178669218401,0.1794912365918948,0.8205615827198063,6.0,,0
bmshj2018-factorized,512x512,75.0,0.3385585437382915,0.2801446296067235,0.5714965537969883,6.0,,0
bmshj2018-factorized,512x512,90.0,0.4580096201307397,0.1355609789085913,0.8184104996837678,6.0,,0
bmshj2018-hyperprior,512x512,0.0,0.1460521523499811,0.0421540936577958,0.4647476866681715,6.0,,0
bmshj2018-hyperprior,512x512,15.0,0.0642040206311834,0.0504265328620293,0.2374054909239355,6.0,,0
bmshj2018-hyperprior,512x512,30.0,0.0891384034919829,0.0803700920657102,0.1441976184223607,6.0,,0
bmshj2018-hyperprior,512x512,45.0,0.1318287325820637,0.0392967342658876,0.6405549871847147,6.0,,0
bmshj2018-hyperprior,512x512,60.0,0.0654524745764716,0.0575925236246697,0.224557494256377,6.0,,0
bmshj2018-hyperprior,512x512,75.0,0.1078291882337637,0.0904334672275776,0.1231458555389193,6.0,,0
bmshj2018-hyperprior,512x512,90.0,0.1495338899579353,0.0415980522392154,0.4647648712723263,6.0,,0
mbt2018-mean,512x512,0.0,0.1156854885206695,0.0462260011522119,0.362398093359917,6.0,,0
mbt2018-mean,512x512,15.0,0.0571974380631132,0.0361725305385012,0.1649465449289264,6.0,,0
mbt2018-mean,512x512,30.0,0.0779640688941649,0.0702923598662487,0.1157145536782026,6.0,,0
mbt2018-mean,512x512,45.0,0.1107085394760676,0.0318438831779428,0.4386486303458636,6.0,,0
mbt2018-mean,512x512,60.0,0.0488798446659863,0.0439937447153061,0.2727997912491959,6.0,,0
mbt2018-mean,512x512,75.0,0.0802082920360122,0.0711301685012086,0.0982915011861206,6.0,,0
mbt2018-mean,512x512,90.0,0.1188764576092584,0.043595164075094,0.3685907262456813,6.0,,0
mbt2018,512x512,0.0,0.1149701953677654,0.1236182569926625,0.3296355006978625,6.0,,0
mbt2018,512x512,15.0,0.0822623656213963,0.0399882973222872,0.1422872666248659,6.0,,0
mbt2018,512x512,30.0,0.0613668396722393,0.0413486640660993,0.4363230261523494,6.0,,0
mbt2018,512x512,45.0,0.0622216236638806,0.0380073713770143,0.4276852948154996,6.0,,0
mbt2018,512x512,60.0,0.0523692295336799,0.0291728729882172,0.0887883334996074,6.0,,0
mbt2018,512x512,75.0,0.0639139731270676,0.0578820984037729,0.0988637429694754,6.0,,0
mbt2018,512x512,90.0,0.1135343756746613,0.1269175188625794,0.3287193953771382,6.0,,0
jpeg,512x512,0.0,0.0003560928844724,0.0002152946927468,0.0004124014804202,6.0,,0
jpeg,512x512,15.0,0.0002990360041709,0.0002481610304279,0.0004246043107312,6.0,,0
jpeg,512x512,30.0,0.0003113326860044,0.00029239658394,0.0003202678467636,6.0,,0
jpeg,512x512,45.0,0.0003440870646635,0.00022557649352,0.0003888525917431,6.0,,0
jpeg,512x512,60.0,0.0003098901249097,0.0002594373501435,0.0004318158611237,6.0,,0
jpeg,512x512,75.0,0.000327005572652,0.0002957603435441,0.0003506967909241,6.0,,0
jpeg,512x512,90.0,0.0003506636583098,0.000219883665601,0.0004061648074845,6.0,,0
jpegxl,512x512,0.0,0.0005907386988122,0.0005349020598984,0.0006966253860471,6.0,,0
jpegxl,512x512,15.0,0.0007217930068986,0.00054558940124,0.0009416210684725,6.0,,0
jpegxl,512x512,30.0,0.0006880201773277,0.0006367918732399,0.0007859993753324,6.0,,0
jpegxl,512x512,45.0,0.0006283967750728,0.000560194120657,0.0007239715268807,6.0,,0
jpegxl,512x512,60.0,0.0006940230376067,0.0005414019023888,0.0009390482560626,6.0,,0
jpegxl,512x512,75.0,0.0006439397396783,0.000633358823561,0.0007694859203791,6.0,,0
jpegxl,512x512,90.0,0.0006040890688885,0.0005608358528085,0.0006098576442531,6.0,,0
webp,512x512,0.0,0.0002441841680442,0.0001982853093549,0.0002453808069681,6.0,,0
webp,512x512,15.0,0.0002364670272108,0.0002175275270716,0.0002569007574461,6.0,,0
webp,512x512,30.0,0.0002370117312566,0.0002434118497579,0.0002328273565968,6.0,,0
webp,512x512,45.0,0.0002497946258497,0.0002067605569987,0.0002394892488698,6.0,,0
webp,512x512,60.0,0.0002415000670859,0.0002115739416134,0.0002666794788428,6.0,,0
webp,512x512,75.0,0.0002388846662159,0.0002379363791654,0.0002395882903017,6.0,,0
webp,512x512,90.0,0.0002432772753594,0.0002030134898727,0.0002402629492109,6.0,,0
ftic,1024x1024,0.0,0.0173750115083902,0.0129800935954107,0.0421936255669785,1.0,,0
ftic,1024x1024,15.0,0.0170197013743345,0.014672201641942,0.02120575440047,1.0,,0
ftic,1024x1024,30.0,0.0167299204599468,0.0156042394798847,0.0229167159679021,1.0,,0
ftic,1024x1024,45.0,0.0191079762226406,0.0141480632394183,0.0448436004786643,1.0,,0
ftic,1024x1024,60.0,0.0179471807407756,0.0168403292766237,0.028401863974259,1.0,,0
ftic,1024x1024,75.0,0.0171707444077871,0.0147437683656668,0.0204043337761515,1.0,,0
ftic,1024x1024,90.0,0.0173123925138602,0.012796757377089,0.0420317708158176,1.0,,0
cheng2020-anchor,1024x1024,0.0,0.7259198241380764,0.1944963869600504,0.8555954772635406,1.0,,0
cheng2020-anchor,1024x1024,15.0,0.3007944095979621,0.2722269300665845,0.9721155599820068,1.0,,0
cheng2020-anchor,1024x1024,30.0,0.4704974184930392,0.3079990354592649,0.8220556924635253,1.0,,0
cheng2020-anchor,1024x1024,45.0,0.4898419253355881,0.1425356378882778,0.9030579873774428,1.0,,0
cheng2020-anchor,1024x1024,60.0,0.2738460203804049,0.2711057709115592,0.9099056697806528,1.0,,0
cheng2020-anchor,1024x1024,75.0,0.4994533869164579,0.4660970879307979,0.5240081664816704,1.0,,0
cheng2020-anchor,1024x1024,90.0,0.721679175451996,0.1942463735638598,0.8498041001532953,1.0,,0
cheng2020-attn,1024x1024,0.0,0.5693354203432693,0.1505533481806621,0.8299373786780624,1.0,,0
cheng2020-attn,1024x1024,15.0,0.2879005294245921,0.2616369216559146,0.9529701968646036,1.0,,0
cheng2020-attn,1024x1024,30.0,0.5072442961609193,0.3798676981012269,0.7602618898741744,1.0,,0
cheng2020-attn,1024x1024,45.0,0.5342214428440875,0.1039597230489148,0.8828698133601054,1.0,,0
cheng2020-attn,1024x1024,60.0,0.2622593020323465,0.2501862804055043,0.9203006456654484,1.0,,0
cheng2020-attn,1024x1024,75.0,0.4178498389428876,0.3643124045953626,0.5850481165367708,1.0,,0
cheng2020-attn,1024x1024,90.0,0.5694047971174678,0.148701153566914,0.8259389840787505,1.0,,0
bmshj2018-factorized,1024x1024,0.0,0.9937331047193714,0.7410538125313995,0.9999954427460224,1.0,,0
bmshj2018-factorized,1024x1024,15.0,0.9732889919406682,0.692431153646291,0.9956165029186024,1.0,,0
bmshj2018-factorized,1024x1024,30.0,0.9369299793219414,0.7753541622060209,0.9637754481343525,1.0,,0
bmshj2018-factorized,1024x1024,45.0,0.9610642139760728,0.7458977521431851,0.978157719878708,1.0,,0
bmshj2018-factorized,1024x1024,60.0,0.9997815395844905,0.7031175548357624,0.999995019141992,1.0,,0
bmshj2018-factorized,1024x1024,75.0,0.9963851948248416,0.7742838373977421,0.9999942720874838,1.0,,0
bmshj2018-factorized,1024x1024,90.0,0.9929488297180388,0.7418119745185578,0.999160868615064,1.0,,0
bmshj2018-hyperprior,1024x1024,0.0,0.8867998117347049,0.502710083278005,0.9989240548358302,1.0,,0
bmshj2018-hyperprior,1024x1024,15.0,0.9634609798729192,0.5577991413550226,0.9997237666599748,1.0,,0
bmshj2018-hyperprior,1024x1024,30.0,0.7975778758818102,0.5760684386157433,0.9110572454512056,1.0,,0
bmshj2018-hyperprior,1024x1024,45.0,0.8523051321685828,0.4668580470337614,0.981924969227394,1.0,,0
bmshj2018-hyperprior,1024x1024,60.0,0.8546919855172568,0.5382603149419152,0.999964075820128,1.0,,0
bmshj2018-hyperprior,1024x1024,75.0,0.8119507505503407,0.7308227341104293,0.9999756558284196,1.0,,0
bmshj2018-hyperprior,1024x1024,90.0,0.8878159040051482,0.5049913409201802,0.9962585960695532,1.0,,0
mbt2018-mean,1024x1024,0.0,0.818467510129518,0.4506105390096852,0.996933102135337,1.0,,0
mbt2018-mean,1024x1024,15.0,0.7860499836930734,0.4738826538295121,0.9939363219525652,1.0,,0
mbt2018-mean,1024x1024,30.0,0.6763834123063016,0.5336257441990736,0.9094406943752052,1.0,,0
mbt2018-mean,1024x1024,45.0,0.8129629276259654,0.5422724978759121,0.9471163326997984,1.0,,0
mbt2018-mean,1024x1024,60.0,0.794151556506494,0.4792211682816847,0.9999698315194308,1.0,,0
mbt2018-mean,1024x1024,75.0,0.7396753704895095,0.5235962958875758,0.9997328846494696,1.0,,0
mbt2018-mean,1024x1024,90.0,0.8131970491920155,0.4504185066043574,0.99542808025263,1.0,,0
mbt2018,1024x1024,0.0,0.7223393953651291,0.4062726129264528,0.9931429655646116,1.0,,0
mbt2018,1024x1024,15.0,0.6533829645028173,0.4220397583218212,0.9932290242035486,1.0,,0
mbt2018,1024x1024,30.0,0.67253671093791,0.4716964006553716,0.9893352854015016,1.0,,0
mbt2018,1024x1024,45.0,0.7037928623363106,0.4653124588586182,0.9850799099777352,1.0,,0
mbt2018,1024x1024,60.0,0.6787584890556184,0.4489193242373826,0.9992321170328646,1.0,,0
mbt2018,1024x1024,75.0,0.693755146818403,0.4354835140301655,0.99995113087733,1.0,,0
mbt2018,1024x1024,90.0,0.7275935985257865,0.4057804352456045,0.992536588289427,1.0,,0
jpeg,1024x1024,0.0,0.0593433956299627,0.0199651120306921,0.1043006148608061,1.0,,0
jpeg,1024x1024,15.0,0.0357099784954123,0.0301954770074062,0.091863607317292,1.0,,0
jpeg,1024x1024,30.0,0.0474650889885346,0.045536964951597,0.0464903930597347,1.0,,0
jpeg,1024x1024,45.0,0.0611496883407103,0.0208320916839103,0.0951452273715059,1.0,,0
jpeg,1024x1024,60.0,0.0379595847951757,0.0314269255477977,0.0984742739100445,1.0,,0
jpeg,1024x1024,75.0,0.0505054719610849,0.0448810023987325,0.0549133593746013,1.0,,0
jpeg,1024x1024,90.0,0.0591805870461178,0.020064555581952,0.1032898291451686,1.0,,0
jpegxl,1024x1024,0.0,0.0063767021238352,0.0037674400712215,0.0103461125579347,1.0,,0
jpegxl,1024x1024,15.0,0.0073223623363429,0.0069766446373392,0.0160139361690647,1.0,,0
jpegxl,1024x1024,30.0,0.0073665529645398,0.0078645893622775,0.0110282299336339,1.0,,0
jpegxl,1024x1024,45.0,0.0077383864126179,0.0048691405478072,0.0130629249208777,1.0,,0
jpegxl,1024x1024,60.0,0.0075099853556911,0.0065686144959162,0.0151002048141735,1.0,,0
jpegxl,1024x1024,75.0,0.0074969978927896,0.0079433212129518,0.0107191199393673,1.0,,0
jpegxl,1024x1024,90.0,0.0065847345651988,0.0040298355371086,0.0051180511957622,1.0,,0
webp,1024x1024,0.0,0.0163240532305325,0.0086160999190308,0.0166961248806635,1.0,,0
webp,1024x1024,15.0,0.0134833165130637,0.0108598637622342,0.0194791758083526,1.0,,0
webp,1024x1024,30.0,0.0142081907589924,0.0151942531698803,0.0128640267851247,1.0,,0
webp,1024x1024,45.0,0.0166280752470618,0.008317164322406,0.016469490160843,1.0,,0
webp,1024x1024,60.0,0.0131845855742179,0.0104745340231901,0.0197313278528455,1.0,,0
webp,1024x1024,75.0,0.0145015606719949,0.0152302943083044,0.0134355619457417,1.0,,0
webp,1024x1024,90.0,0.0165112929536095,0.0085739866502948,0.0166864074011398,1.0,,0
ftic,1024x1024,0.0,0.0118809600316294,0.0087645271387689,0.0461341697788842,2.0,,0
ftic,1024x1024,15.0,0.0120967063370343,0.0100293862071901,0.0165857969345616,2.0,,0
ftic,1024x1024,30.0,0.0124661217747463,0.0114631586045707,0.0163286325222979,2.0,,0
ftic,1024x1024,45.0,0.0139998495145717,0.0111445682983013,0.0459311816653317,2.0,,0
ftic,1024x1024,60.0,0.0136406117797369,0.0120021085904295,0.0213880164672389,2.0,,0
ftic,1024x1024,75.0,0.013683228726446,0.0086240073577026,0.0198090398630119,2.0,,0
ftic,1024x1024,90.0,0.0118801308344745,0.0086388120292613,0.0452992307904419,2.0,,0
cheng2020-anchor,1024x1024,0.0,0.6787635986834826,0.1777646153931975,0.8469662939237158,2.0,,0
cheng2020-anchor,1024x1024,15.0,0.2908843993265972,0.2499228551032903,0.9662699498886596,2.0,,0
cheng2020-anchor,1024x1024,30.0,0.4695389926233922,0.3634697365025491,0.847683362845312,2.0,,0
cheng2020-anchor,1024x1024,45.0,0.4971198855206934,0.0952214698097184,0.9188572150105394,2.0,,0
cheng2020-anchor,1024x1024,60.0,0.2588100703897856,0.2543989563368322,0.929472013047966,2.0,,0
cheng2020-anchor,1024x1024,75.0,0.4550100078458013,0.4277544779907156,0.4809660110141945,2.0,,0
cheng2020-anchor,1024x1024,90.0,0.675521840096215,0.1791991302207721,0.8421882720924951,2.0,,0
cheng2020-attn,1024x1024,0.0,0.5294245440971002,0.1838720368129815,0.8543654582437261,2.0,,0
cheng2020-attn,1024x1024,15.0,0.2734865164975219,0.2227801873265367,0.921385028546174,2.0,,0
cheng2020-attn,1024x1024,30.0,0.4667128001730853,0.3527302187515441,0.805029036016474,2.0,,0
cheng2020-attn,1024x1024,45.0,0.4921547253441093,0.1213054574151888,0.8583693043503972,2.0,,0
cheng2020-attn,1024x1024,60.0,0.2751259273138333,0.2590828508977124,0.919839921545909,2.0,,0
cheng2020-attn,1024x1024,75.0,0.4282541698533185,0.3539951429176124,0.5643876111951672,2.0,,0
cheng2020-attn,1024x1024,90.0,0.5328653598874652,0.1785456664124742,0.8545143321041915,2.0,,0
bmshj2018-factorized,1024x1024,0.0,0.9617977305110392,0.6658846639764329,0.9999624176269466,2.0,,0
bmshj2018-factorized,1024x1024,15.0,0.9688808590682124,0.6229716265428407,0.9879869922654,2.0,,0
bmshj2018-factorized,1024x1024,30.0,0.945941494950761,0.6906032574992637,0.9741820154531264,2.0,,0
bmshj2018-factorized,1024x1024,45.0,0.9471208879397712,0.6290896563834136,0.9824383530385988,2.0,,0
bmshj2018-factorized,1024x1024,60.0,0.9969051562804438,0.6291930107132927,0.999957647063492,2.0,,0
bmshj2018-factorized,1024x1024,75.0,0.9330822872547018,0.7174828223979034,0.9999795842184438,2.0,,0
bmshj2018-factorized,1024x1024,90.0,0.9620705873647072,0.6683924015274297,0.998390299623965,2.0,,0
bmshj2018-hyperprior,1024x1024,0.0,0.6593197773265638,0.3083976743483375,0.9844295300974942,2.0,,0
bmshj2018-hyperprior,1024x1024,15.0,0.6105903695936776,0.4295742249881,0.9369589270367378,2.0,,0
bmshj2018-hyperprior,1024x1024,30.0,0.6843435645479482,0.5141604207843391,0.9692331508141636,2.0,,0
bmshj2018-hyperprior,1024x1024,45.0,0.8138740910780363,0.5857175146833178,0.972839156693066,2.0,,0
bmshj2018-hyperprior,1024x1024,60.0,0.802155942486386,0.4767053024137619,0.9980988695431106,2.0,,0
bmshj2018-hyperprior,1024x1024,75.0,0.6693643435834769,0.4403801822820643,0.9882209804187976,2.0,,0
bmshj2018-hyperprior,1024x1024,90.0,0.6553379855339325,0.3214469883997878,0.9815966900143074,2.0,,0
mbt2018-mean,1024x1024,0.0,0.6418396619785447,0.340848558519467,0.9761810754596107,2.0,,0
mbt2018-mean,1024x1024,15.0,0.652834760884021,0.3831200078719017,0.9971562317119768,2.0,,0
mbt2018-mean,1024x1024,30.0,0.6508380193747552,0.5829479572401021,0.9759850876949248,2.0,,0
mbt2018-mean,1024x1024,45.0,0.7388032302063194,0.4170442348163827,0.974180596903386,2.0,,0
mbt2018-mean,1024x1024,60.0,0.7182309843692409,0.4744900173639328,0.9982797556371894,2.0,,0
mbt2018-mean,1024x1024,75.0,0.6126488725961077,0.4242760041236451,0.9771008868698008,2.0,,0
mbt2018-mean,1024x1024,90.0,0.6342301718055134,0.3530902602330567,0.9714618208537428,2.0,,0
mbt2018,1024x1024,0.0,0.61848661932642,0.2913568094843097,0.9136284209023924,2.0,,0
mbt2018,1024x1024,15.0,0.5170459904812265,0.325368181738214,0.9739773861354952,2.0,,0
mbt2018,1024x1024,30.0,0.555876029412502,0.450958548813328,0.9108777001736236,2.0,,0
mbt2018,1024x1024,45.0,0.672735122574545,0.3305668768568072,0.9512480377070494,2.0,,0
mbt2018,1024x1024,60.0,0.6287851165733986,0.3610789835521928,0.9710549944495626,2.0,,0
mbt2018,1024x1024,75.0,0.6134618638110616,0.41543562114022,0.9229661692362964,2.0,,0
mbt2018,1024x1024,90.0,0.6195208433361064,0.2964293252704492,0.914667518663186,2.0,,0
webp,1024x1024,0.0,0.0084900365299307,0.0049693033998364,0.008561552183337,2.0,,0
webp,1024x1024,15.0,0.0072823512011304,0.0060323212014023,0.0099496542190186,2.0,,0
webp,1024x1024,30.0,0.0075778913178718,0.0080905748601274,0.0070655653243838,2.0,,0
webp,1024x1024,45.0,0.0085250289262424,0.0048323930677968,0.0082103258883259,2.0,,0
webp,1024x1024,60.0,0.0071191704189719,0.0058080964301679,0.0102220629880681,2.0,,0
webp,1024x1024,75.0,0.0077889010653668,0.0080669435723128,0.0072696973934671,2.0,,0
webp,1024x1024,90.0,0.0084721049715309,0.0049202476613835,0.0084139285315431,2.0,,0
jpegxl,1024x1024,0.0,0.0047160763106066,0.0028684035792291,0.0075430412216728,2.0,,0
jpegxl,1024x1024,15.0,0.0054113793285251,0.0047747101779017,0.0112425555522336,2.0,,0
jpegxl,1024x1024,30.0,0.0050004783971926,0.0056243819501031,0.007066224709326,2.0,,0
jpegxl,1024x1024,45.0,0.0057230309188571,0.0034722514443065,0.0090659162831694,2.0,,0
jpegxl,1024x1024,60.0,0.0051755611548367,0.0043178084814084,0.0100748701364988,2.0,,0
jpegxl,1024x1024,75.0,0.0052702878939994,0.0059915900633569,0.0073616181757295,2.0,,0
jpegxl,1024x1024,90.0,0.0048283230327694,0.0027875425712497,0.0045180491115662,2.0,,0
jpeg,1024x1024,0.0,0.0270385962016067,0.0093787360131213,0.0428770053981205,2.0,,0
jpeg,1024x1024,15.0,0.0164250654718539,0.0137416776822624,0.039265162212916,2.0,,0
jpeg,1024x1024,30.0,0.0209291190893614,0.0212438427795469,0.0199519677147391,2.0,,0
jpeg,1024x1024,45.0,0.0269717029659292,0.0095969073956764,0.0395078837568962,2.0,,0
jpeg,1024x1024,60.0,0.0171248808098048,0.0139955336266087,0.0421447311295519,2.0,,0
jpeg,1024x1024,75.0,0.0215892727007009,0.0206533739705253,0.0225333712491862,2.0,,0
jpeg,1024x1024,90.0,0.0266395389728445,0.0093611868001228,0.042487233961081,2.0,,0
ftic,1024x1024,0.0,0.0087869896512562,0.0057941880202063,0.0439011153989343,3.0,,0
ftic,1024x1024,15.0,0.0081058855251467,0.0061215738469875,0.0120723518204403,3.0,,0
ftic,1024x1024,30.0,0.0081465694392698,0.0061241607440419,0.011916238186307,3.0,,0
ftic,1024x1024,45.0,0.0090265863298898,0.0062160560670794,0.0358615845004287,3.0,,0
ftic,1024x1024,60.0,0.008282791706683,0.0080649596942289,0.0139425322320047,3.0,,0
ftic,1024x1024,75.0,0.0095456363038495,0.00565380874619,0.0133242672449096,3.0,,0
ftic,1024x1024,90.0,0.0085525829829448,0.0058531678064185,0.0376221024384627,3.0,,0
cheng2020-anchor,1024x1024,0.0,0.6688874253978678,0.1704763553136535,0.7838467916092735,3.0,,0
cheng2020-anchor,1024x1024,15.0,0.2564353806849435,0.2218704280919972,0.9527666326641312,3.0,,0
cheng2020-anchor,1024x1024,30.0,0.4221758137988023,0.4090940661590684,0.8243874248140127,3.0,,0
cheng2020-anchor,1024x1024,45.0,0.4707161388289467,0.0885899136986636,0.8724688568191579,3.0,,0
cheng2020-anchor,1024x1024,60.0,0.2476329284225698,0.2115579674434602,0.8603238218576401,3.0,,0
cheng2020-anchor,1024x1024,75.0,0.4230255588448837,0.4292768400635341,0.4952758271494025,3.0,,0
cheng2020-anchor,1024x1024,90.0,0.6713536427053095,0.1782182510736614,0.7735475891484829,3.0,,0
cheng2020-attn,1024x1024,0.0,0.5003078942115771,0.1412453448124345,0.8329214751753924,3.0,,0
cheng2020-attn,1024x1024,15.0,0.2505658647072922,0.2225926302749523,0.9044681867713608,3.0,,0
cheng2020-attn,1024x1024,30.0,0.454628362035842,0.3548631628214406,0.7420538130725147,3.0,,0
cheng2020-attn,1024x1024,45.0,0.5241110185176445,0.1054828711204538,0.8592535808225215,3.0,,0
cheng2020-attn,1024x1024,60.0,0.2437592406540525,0.232735567341646,0.9225604872668548,3.0,,0
cheng2020-attn,1024x1024,75.0,0.3988029890860148,0.3339463761184115,0.5089554469860811,3.0,,0
cheng2020-attn,1024x1024,90.0,0.5022743915122908,0.1314587977810817,0.8373053167698608,3.0,,0
bmshj2018-factorized,1024x1024,0.0,0.8769510624175184,0.5377501325964427,0.9996469959447088,3.0,,0
bmshj2018-factorized,1024x1024,15.0,0.9395493459188446,0.5402307145800644,0.9857537458438654,3.0,,0
bmshj2018-factorized,1024x1024,30.0,0.8700053559622554,0.644675194777375,0.9437525447049704,3.0,,0
bmshj2018-factorized,1024x1024,45.0,0.8985848362413926,0.5675911731192324,0.9851853939135936,3.0,,0
bmshj2018-factorized,1024x1024,60.0,0.9542470128373262,0.530693182360293,0.9999472185669602,3.0,,0
bmshj2018-factorized,1024x1024,75.0,0.8691811603517362,0.6337545091701187,0.999956110802359,3.0,,0
bmshj2018-factorized,1024x1024,90.0,0.881399082763699,0.5418987768434959,0.998124729039042,3.0,,0
bmshj2018-hyperprior,1024x1024,0.0,0.5762532446780839,0.2193804647941252,0.8718977910794571,3.0,,0
bmshj2018-hyperprior,1024x1024,15.0,0.3573160249008569,0.2907699917695953,0.9452621332269469,3.0,,0
bmshj2018-hyperprior,1024x1024,30.0,0.5212931008296282,0.3411727157649008,0.8162548897556277,3.0,,0
bmshj2018-hyperprior,1024x1024,45.0,0.6190492787667519,0.4872949070528877,0.9045907121795206,3.0,,0
bmshj2018-hyperprior,1024x1024,60.0,0.61391211921745,0.3026628382231159,0.9182611025165736,3.0,,0
bmshj2018-hyperprior,1024x1024,75.0,0.5025879611097019,0.3710647096610982,0.9205129297661072,3.0,,0
bmshj2018-hyperprior,1024x1024,90.0,0.5715321103001949,0.2186123426610341,0.8763315731676409,3.0,,0
mbt2018-mean,1024x1024,0.0,0.454094136395782,0.2127795424936428,0.8485568523417027,3.0,,0
mbt2018-mean,1024x1024,15.0,0.3021482586320501,0.2439660269530577,0.9166875534952874,3.0,,0
mbt2018-mean,1024x1024,30.0,0.474972194938463,0.415846896570973,0.7763646333220259,3.0,,0
mbt2018-mean,1024x1024,45.0,0.5726524374928117,0.3586976592086495,0.9110459826636368,3.0,,0
mbt2018-mean,1024x1024,60.0,0.2606774786165577,0.223714433702816,0.8807804717801291,3.0,,0
mbt2018-mean,1024x1024,75.0,0.4037513106548265,0.2897031366338175,0.9007078943236032,3.0,,0
mbt2018-mean,1024x1024,90.0,0.4660413654982547,0.2146368480828123,0.8498029554762276,3.0,,0
mbt2018,1024x1024,0.0,0.6891955106641527,0.2745664483672883,0.8666937570489255,3.0,,0
mbt2018,1024x1024,15.0,0.5815186369060146,0.4669974021546267,0.88771951461127,3.0,,0
mbt2018,1024x1024,30.0,0.6831002428876896,0.6794308091600206,0.7677540561274669,3.0,,0
mbt2018,1024x1024,45.0,0.7791249941991909,0.2616981729987203,0.9185554939571948,3.0,,0
mbt2018,1024x1024,60.0,0.3709471833036189,0.3053509919928194,0.9031420167481168,3.0,,0
mbt2018,1024x1024,75.0,0.523196938819338,0.4544006205765757,0.7491491715947523,3.0,,0
mbt2018,1024x1024,90.0,0.6991707066147315,0.2769284099694316,0.8667659359635786,3.0,,0
jpegxl,1024x1024,0.0,0.0028580685097167,0.001806869932566,0.0043006137594956,3.0,,0
jpegxl,1024x1024,15.0,0.0031065143940166,0.0026521951867101,0.006056295940888,3.0,,0
jpegxl,1024x1024,30.0,0.0029593663833961,0.0032717300437531,0.0039825121430824,3.0,,0
jpegxl,1024x1024,45.0,0.003212955444789,0.002045719324353,0.0049472294599603,3.0,,0
jpegxl,1024x1024,60.0,0.0030066287317603,0.0024489112207387,0.0057817964287163,3.0,,0
jpegxl,1024x1024,75.0,0.0029691864495179,0.0033911322535619,0.0040055508699066,3.0,,0
jpegxl,1024x1024,90.0,0.0029087080876112,0.0015751580244775,0.0030918841335241,3.0,,0
webp,1024x1024,0.0,0.0056096719343728,0.0033710042695822,0.0056412971965226,3.0,,0
webp,1024x1024,15.0,0.0047745880196499,0.0040144558788171,0.0062379036154882,3.0,,0
webp,1024x1024,30.0,0.0049436715955394,0.0051943330329046,0.0046687314603156,3.0,,0
webp,1024x1024,45.0,0.0055066131316944,0.0033206208441064,0.0053078689297666,3.0,,0
webp,1024x1024,60.0,0.0047858514931598,0.0039244592802269,0.0064837491456463,3.0,,0
webp,1024x1024,75.0,0.0049753481793289,0.0051067513077754,0.0047153394661305,3.0,,0
webp,1024x1024,90.0,0.0054819070228516,0.0033453922135606,0.0054248274437841,3.0,,0
jpeg,1024x1024,0.0,0.0159930642284423,0.0058238669498656,0.0238595214937173,3.0,,0
jpeg,1024x1024,15.0,0.0104343103883136,0.0086019605509924,0.0225735479772117,3.0,,0
jpeg,1024x1024,30.0,0.0127991716300508,0.0128920139857418,0.012062291950999,3.0,,0
jpeg,1024x1024,45.0,0.0159203408077658,0.0061258292496271,0.0219812883497333,3.0,,0
jpeg,1024x1024,60.0,0.0108219847053263,0.0086282971849108,0.0239440539807149,3.0,,0
jpeg,1024x1024,75.0,0.012995897657764,0.0124903723373499,0.0134326184024224,3.0,,0
jpeg,1024x1024,90.0,0.0161902796208203,0.0058936707610908,0.0239329468829926,3.0,,0
ftic,1024x1024,0.0,0.0059811380568015,0.0037211256214338,0.0509518978195105,4.0,,0
ftic,1024x1024,15.0,0.0051437256375879,0.003667085262673,0.0087751263307382,4.0,,0
ftic,1024x1024,30.0,0.0052912022452817,0.0039780212083193,0.0075884927530903,4.0,,0
ftic,1024x1024,45.0,0.0065294598776974,0.0039864941429922,0.0397896097308091,4.0,,0
ftic,1024x1024,60.0,0.0056457563633255,0.0047300714854861,0.0101182394011117,4.0,,0
ftic,1024x1024,75.0,0.0065644332938357,0.0041056570791057,0.0091978064998782,4.0,,0
ftic,1024x1024,90.0,0.0060625938198307,0.0037735090410756,0.040168923841766,4.0,,0
cheng2020-anchor,1024x1024,0.0,0.9689321992593436,0.7596718142144991,0.6305492894736365,4.0,,0
cheng2020-anchor,1024x1024,15.0,0.9993578103883723,0.9167231679969746,0.9993026111738053,4.0,,0
cheng2020-anchor,1024x1024,30.0,0.999190107023094,0.5521559023560043,0.999158411360524,4.0,,0
cheng2020-anchor,1024x1024,45.0,0.9970540007063852,0.6914084258998991,0.997443604542774,4.0,,0
cheng2020-anchor,1024x1024,60.0,0.9933431271549668,0.8506416335558891,0.8958265573040082,4.0,,0
cheng2020-anchor,1024x1024,75.0,0.9894969004681484,0.9489939273045592,0.4181338490748273,4.0,,0
cheng2020-anchor,1024x1024,90.0,0.992584247973138,0.6497551528289811,0.6670209840759354,4.0,,0
cheng2020-attn,1024x1024,0.0,0.3507544770588341,0.0445633141082611,0.6626355141639336,4.0,,0
cheng2020-attn,1024x1024,15.0,0.0943203174485642,0.0838688794917663,0.676794597698597,4.0,,0
cheng2020-attn,1024x1024,30.0,0.1471993055520487,0.0712396469176515,0.3317161739017263,4.0,,0
cheng2020-attn,1024x1024,45.0,0.1887694936492572,0.0253783884613403,0.577302375912756,4.0,,0
cheng2020-attn,1024x1024,60.0,0.073795718386878,0.0757107932741601,0.4169877847545873,4.0,,0
cheng2020-attn,1024x1024,75.0,0.1968392150619895,0.1793372850545928,0.1624829491992341,4.0,,0
cheng2020-attn,1024x1024,90.0,0.3436047147767445,0.0395260968443475,0.6488073856260976,4.0,,0
bmshj2018-factorized,1024x1024,0.0,0.7801917683650055,0.3870542261079089,0.9875145254984689,4.0,,0
bmshj2018-factorized,1024x1024,15.0,0.7664299083983327,0.4488683277261044,0.9587548793949392,4.0,,0
bmshj2018-factorized,1024x1024,30.0,0.6579361160519581,0.5061563302034167,0.9690969995534676,4.0,,0
bmshj2018-factorized,1024x1024,45.0,0.7556715720194108,0.4119259930237936,0.973637383435497,4.0,,0
bmshj2018-factorized,1024x1024,60.0,0.8801838450719606,0.435014641019123,0.9994430548007548,4.0,,0
bmshj2018-factorized,1024x1024,75.0,0.6355396920833735,0.4660794194451881,0.9815526633711802,4.0,,0
bmshj2018-factorized,1024x1024,90.0,0.7767812581131812,0.3904131861204074,0.9853495424717968,4.0,,0
bmshj2018-hyperprior,1024x1024,0.0,0.4420362773486526,0.1525031549987516,0.7634289672981798,4.0,,0
bmshj2018-hyperprior,1024x1024,15.0,0.2454461489905779,0.1820044985619167,0.8135627933448566,4.0,,0
bmshj2018-hyperprior,1024x1024,30.0,0.3345673815834889,0.2509566885312459,0.5744932912386895,4.0,,0
bmshj2018-hyperprior,1024x1024,45.0,0.4504920307321892,0.2479227220022658,0.8015644139370395,4.0,,0
bmshj2018-hyperprior,1024x1024,60.0,0.2056030657248484,0.1726968916875012,0.7430242333505004,4.0,,0
bmshj2018-hyperprior,1024x1024,75.0,0.3763780419409024,0.3176646553944804,0.6594053585566422,4.0,,0
bmshj2018-hyperprior,1024x1024,90.0,0.4355709065655076,0.1526045996785316,0.7605277439858266,4.0,,0
mbt2018-mean,1024x1024,0.0,0.5069811781960095,0.1817998958487848,0.7490629992164151,4.0,,0
mbt2018-mean,1024x1024,15.0,0.4818551908694101,0.192886309702231,0.7524622078542442,4.0,,0
mbt2018-mean,1024x1024,30.0,0.3640526037706691,0.2121643605014899,0.6062713578456576,4.0,,0
mbt2018-mean,1024x1024,45.0,0.3767249490565533,0.1446997654598938,0.8128939880819912,4.0,,0
mbt2018-mean,1024x1024,60.0,0.2092464872596493,0.1593270952916098,0.6980086628365554,4.0,,0
mbt2018-mean,1024x1024,75.0,0.3908846962231095,0.5516690494952413,0.4508880870951822,4.0,,0
mbt2018-mean,1024x1024,90.0,0.504623532178009,0.1765269218802907,0.7457165352424542,4.0,,0
mbt2018,1024x1024,0.0,0.3935466761323583,0.1594720392481851,0.7517077505126444,4.0,,0
mbt2018,1024x1024,15.0,0.2417788759684772,0.184990642578692,0.8013423309754715,4.0,,0
mbt2018,1024x1024,30.0,0.3504166971094639,0.2104610035627727,0.6597721390235509,4.0,,0
mbt2018,1024x1024,45.0,0.3862129542438163,0.0926819154641185,0.8198161825801102,4.0,,0
mbt2018,1024x1024,60.0,0.1678198598818538,0.1586526670691802,0.7497035667737106,4.0,,0
mbt2018,1024x1024,75.0,0.2947318448114547,0.2320748813880189,0.3269518574159374,4.0,,0
mbt2018,1024x1024,90.0,0.4003179231316679,0.147830842441978,0.7512796799503785,4.0,,0
jpeg,1024x1024,0.0,0.0096314493061039,0.0035844630604773,0.0130397999316618,4.0,,0
jpeg,1024x1024,15.0,0.00636486711596,0.0051845552172493,0.0127289000247223,4.0,,0
jpeg,1024x1024,30.0,0.0075094507209432,0.0076750475772458,0.0071750133647143,4.0,,0
jpeg,1024x1024,45.0,0.0092861821889685,0.0038648577911484,0.0119358595366563,4.0,,0
jpeg,1024x1024,60.0,0.0066391684379494,0.00544929802412,0.0134272741704506,4.0,,0
jpeg,1024x1024,75.0,0.0078594864166183,0.0073212499429165,0.0083077520537023,4.0,,0
jpeg,1024x1024,90.0,0.0095943022869408,0.003601593970699,0.0130342495657525,4.0,,0
webp,1024x1024,0.0,0.0037419716470556,0.002318307827896,0.0037189023425396,4.0,,0
webp,1024x1024,15.0,0.0033399880755979,0.0028170243849494,0.0042871595142568,4.0,,0
webp,1024x1024,30.0,0.0034316402627537,0.0035923179797757,0.0032386014124314,4.0,,0
webp,1024x1024,45.0,0.0037445680612859,0.0023457235570453,0.0036157558458343,4.0,,0
webp,1024x1024,60.0,0.0033042045777896,0.002735659022194,0.0044330528155423,4.0,,0
webp,1024x1024,75.0,0.0034585190490281,0.0035491508756961,0.003347234220959,4.0,,0
webp,1024x1024,90.0,0.0037480990063921,0.0023143425165456,0.0036820391756889,4.0,,0
jpegxl,1024x1024,0.0,0.0020280272812917,0.0012748604371399,0.0028907649517565,4.0,,0
jpegxl,1024x1024,15.0,0.0021757344334461,0.00175192287395,0.0038839538889824,4.0,,0
jpegxl,1024x1024,30.0,0.0020004465905128,0.0021796946447723,0.0026475419516467,4.0,,0
jpegxl,1024x1024,45.0,0.0020949307277151,0.0013979621069492,0.0030059805830662,4.0,,0
jpegxl,1024x1024,60.0,0.0020134161845576,0.0016585991868905,0.0037003265835819,4.0,,0
jpegxl,1024x1024,75.0,0.0020322821951376,0.0022710634570699,0.0026238052025698,4.0,,0
jpegxl,1024x1024,90.0,0.0020740152091098,0.0012156731574608,0.0021562409085135,4.0,,0
ftic,1024x1024,0.0,0.0052601904201524,0.0025815027160113,0.067252800043343,5.0,,0
ftic,1024x1024,15.0,0.0036345878643881,0.0026101290624002,0.0076491046513774,5.0,,0
ftic,1024x1024,30.0,0.0042438151508962,0.0030326600289183,0.0055964120650241,5.0,,0
ftic,1024x1024,45.0,0.0054130529538904,0.0029192992582573,0.0582680080886935,5.0,,0
ftic,1024x1024,60.0,0.0043336262517472,0.0033029721417656,0.0091795125699174,5.0,,0
ftic,1024x1024,75.0,0.0055885394330326,0.003159733085227,0.0068144581430103,5.0,,0
ftic,1024x1024,90.0,0.0048818098810291,0.0025513124333329,0.0677039429713555,5.0,,0
cheng2020-anchor,1024x1024,0.0,0.9969250797616273,0.6904522829304527,0.7142792579821224,5.0,,0
cheng2020-anchor,1024x1024,15.0,0.999112515405445,0.8576780008584914,0.9993374273067558,5.0,,0
cheng2020-anchor,1024x1024,30.0,0.9990463595083316,0.7569367113545683,0.997366865005652,5.0,,0
cheng2020-anchor,1024x1024,45.0,0.9986121429584638,0.7540197734388401,0.9754011573267208,5.0,,0
cheng2020-anchor,1024x1024,60.0,0.9958555133611868,0.8137380174247966,0.914900930730102,5.0,,0
cheng2020-anchor,1024x1024,75.0,0.9988851526833242,0.9454218833825376,0.6873963810001489,5.0,,0
cheng2020-anchor,1024x1024,90.0,0.9954348302578376,0.455715386891132,0.7199315775417374,5.0,,0
cheng2020-attn,1024x1024,0.0,0.243390233150861,0.0524059021881228,0.6976458714947407,5.0,,0
cheng2020-attn,1024x1024,15.0,0.1112288097401572,0.0902592508760747,0.5795369320382926,5.0,,0
cheng2020-attn,1024x1024,30.0,0.176430764048012,0.0889352665318379,0.3477359980282724,5.0,,0
cheng2020-attn,1024x1024,45.0,0.2206062417892507,0.0273304387156448,0.6598322188254317,5.0,,0
cheng2020-attn,1024x1024,60.0,0.1030466103621129,0.103633003523797,0.5210862987144902,5.0,,0
cheng2020-attn,1024x1024,75.0,0.2062915872415355,0.1287413857323556,0.2170372499142116,5.0,,0
cheng2020-attn,1024x1024,90.0,0.2467919400287442,0.0490658621472716,0.7037647212815493,5.0,,0
bmshj2018-factorized,1024x1024,0.0,0.6588891544547323,0.2838015818321168,0.953353353982283,5.0,,0
bmshj2018-factorized,1024x1024,15.0,0.4780911166156317,0.3694972381538961,0.94648985161135,5.0,,0
bmshj2018-factorized,1024x1024,30.0,0.5541913284372711,0.4048923164372068,0.9317950591973828,5.0,,0
bmshj2018-factorized,1024x1024,45.0,0.6304164653193931,0.2756227182629583,0.9578159618233992,5.0,,0
bmshj2018-factorized,1024x1024,60.0,0.6211355790112973,0.3620297086869393,0.9898074099586524,5.0,,0
bmshj2018-factorized,1024x1024,75.0,0.545830584739573,0.4036274087141374,0.9431756948733367,5.0,,0
bmshj2018-factorized,1024x1024,90.0,0.6612336485940489,0.2848965812971593,0.9489842943573208,5.0,,0
bmshj2018-hyperprior,1024x1024,0.0,0.4377095631191606,0.1133619373121483,0.7544149208192952,5.0,,0
bmshj2018-hyperprior,1024x1024,15.0,0.2051665918754454,0.154755569910102,0.7690767636163742,5.0,,0
bmshj2018-hyperprior,1024x1024,30.0,0.3213862684814699,0.2226561075741764,0.5481724980195897,5.0,,0
bmshj2018-hyperprior,1024x1024,45.0,0.3757014666592146,0.092187012812083,0.7882916578724052,5.0,,0
bmshj2018-hyperprior,1024x1024,60.0,0.1603962200673528,0.1523694703622729,0.744244193944072,5.0,,0
bmshj2018-hyperprior,1024x1024,75.0,0.357621422294338,0.314564809052041,0.4375714286762108,5.0,,0
bmshj2018-hyperprior,1024x1024,90.0,0.4346888816948099,0.1122559359369056,0.753427843407338,5.0,,0
mbt2018-mean,1024x1024,0.0,0.1322812970677881,0.0632241558355692,0.6297433463930997,5.0,,0
mbt2018-mean,1024x1024,15.0,0.0879691649782592,0.0444095561126964,0.2103467105934044,5.0,,0
mbt2018-mean,1024x1024,30.0,0.0889763250045531,0.0787982773460839,0.1082920319667066,5.0,,0
mbt2018-mean,1024x1024,45.0,0.4052652274431927,0.0466897807437226,0.574384866638403,5.0,,0
mbt2018-mean,1024x1024,60.0,0.0805396043391158,0.0560916255959304,0.4960252593849903,5.0,,0
mbt2018-mean,1024x1024,75.0,0.1129855629239611,0.0835998786223323,0.1277129217843138,5.0,,0
mbt2018-mean,1024x1024,90.0,0.1302278525463796,0.0618904381557919,0.6383153462289366,5.0,,0
mbt2018,1024x1024,0.0,0.0985480625071108,0.0715223924005776,0.6746280335185748,5.0,,0
mbt2018,1024x1024,15.0,0.0821482019696888,0.0578683328821538,0.1369082154680074,5.0,,0
mbt2018,1024x1024,30.0,0.1004913218566485,0.0490979463499881,0.2477749970577018,5.0,,0
mbt2018,1024x1024,45.0,0.1368005718508379,0.0839896695048793,0.6667754726066848,5.0,,0
mbt2018,1024x1024,60.0,0.1095976824710194,0.0383199881458404,0.1833026302663432,5.0,,0
mbt2018,1024x1024,75.0,0.1411592833727326,0.0554545362336239,0.2676895946668745,5.0,,0
mbt2018,1024x1024,90.0,0.0964496119487295,0.0688115764500967,0.6733597015798574,5.0,,0
jpegxl,1024x1024,0.0,0.0012200619165012,0.0008408267726872,0.001509435078589,5.0,,0
jpegxl,1024x1024,15.0,0.0012614261063513,0.0010077588049423,0.0020111301317516,5.0,,0
jpegxl,1024x1024,30.0,0.0011736756121621,0.0012325797503223,0.0014705549945654,5.0,,0
jpegxl,1024x1024,45.0,0.0012040165481997,0.0008821788505608,0.0015239968796006,5.0,,0
jpegxl,1024x1024,60.0,0.0011732918805619,0.0009511860852699,0.0019728819938591,5.0,,0
jpegxl,1024x1024,75.0,0.0011626276528485,0.0012704624152351,0.0014697724350427,5.0,,0
jpegxl,1024x1024,90.0,0.0012214367333295,0.0008376473615061,0.0012971418112314,5.0,,0
jpeg,1024x1024,0.0,0.0038242053832605,0.0016075174668199,0.0049384222886459,5.0,,0
jpeg,1024x1024,15.0,0.0025864716930876,0.0021683764712327,0.0048620843254362,5.0,,0
jpeg,1024x1024,30.0,0.0030138766367008,0.0030687863882459,0.0029752975998972,5.0,,0
jpeg,1024x1024,45.0,0.0036877387425975,0.0017001770255199,0.0045141187368629,5.0,,0
jpeg,1024x1024,60.0,0.0027892582450059,0.0023224385033876,0.0051435603091608,5.0,,0
jpeg,1024x1024,75.0,0.0032270863017641,0.0029688747787489,0.0033899057411096,5.0,,0
jpeg,1024x1024,90.0,0.003811397421958,0.001632343783228,0.0048949278499605,5.0,,0
webp,1024x1024,0.0,0.0018125316081727,0.0011773218957271,0.0018044185263055,5.0,,0
webp,1024x1024,15.0,0.0016766183265735,0.0014454123940091,0.0020722988446763,5.0,,0
webp,1024x1024,30.0,0.0017082020565092,0.0017599146214808,0.0016170229094612,5.0,,0
webp,1024x1024,45.0,0.0017936562029173,0.001226768712686,0.0017302510665056,5.0,,0
webp,1024x1024,60.0,0.0016611520773638,0.0014052947758601,0.0021439722694735,5.0,,0
webp,1024x1024,75.0,0.0017412469537361,0.0017566425425982,0.0017031330382111,5.0,,0
webp,1024x1024,90.0,0.0018280278903133,0.0011927803942939,0.0018205688571543,5.0,,0
identity,1024x1024,0.0,4.440892098500626e-15,4.427014310692812e-15,4.506811590587745e-15,,,0
identity,1024x1024,15.0,4.440892098500626e-15,4.292573241304609e-15,4.283899623924725e-15,,,0
identity,1024x1024,30.0,4.218847493575595e-15,4.265685027426969e-15,4.262215580475015e-15,,,0
identity,1024x1024,45.0,4.440892098500626e-15,4.3576253716537394e-15,4.384513585531381e-15,,,0
identity,1024x1024,60.0,4.218847493575595e-15,4.283032262186737e-15,4.292573241304609e-15,,,0
identity,1024x1024,75.0,4.440892098500626e-15,4.3316045195140865e-15,4.315992008230296e-15,,,0
identity,1024x1024,90.0,4.6629367034256575e-15,4.606558190456411e-15,4.571863720936875e-15,,,0
ftic,1024x1024,0.0,0.0045296819561344,0.0019804182092962,0.0607309571829145,6.0,,0
ftic,1024x1024,15.0,0.0028453629484636,0.0021568338462756,0.0076149357174891,6.0,,0
ftic,1024x1024,30.0,0.0037152344683255,0.0024587164074244,0.0050903427993813,6.0,,0
ftic,1024x1024,45.0,0.0055896556373107,0.0021128303927227,0.0573499238801003,6.0,,0
ftic,1024x1024,60.0,0.0029083883405667,0.0024680402341935,0.0089785008850263,6.0,,0
ftic,1024x1024,75.0,0.0046887671984949,0.0024554720458103,0.0057267727911339,6.0,,0
ftic,1024x1024,90.0,0.0046698215832667,0.0019714950597872,0.0599320003580445,6.0,,0
tcm,1024x1024,0.0,0.0271350143220526,0.0186524094993172,0.147220864754332,,64.0,0
tcm,1024x1024,15.0,0.0198893500399084,0.0176118168230978,0.0458913168701472,,64.0,0
tcm,1024x1024,30.0,0.0207157901407014,0.0204632747324003,0.0216527093933195,,64.0,0
tcm,1024x1024,45.0,0.0608609766925767,0.0167288125903449,0.1501913384241233,,64.0,0
tcm,1024x1024,60.0,0.0177353770786445,0.0150820170114653,0.1471021952533365,,64.0,0
tcm,1024x1024,75.0,0.0210676734536306,0.0194083155365394,0.0237298272431706,,64.0,0
tcm,1024x1024,90.0,0.0278093208787927,0.0181399649470236,0.1431513482219701,,64.0,0
tcm,1024x1024,0.0,0.0018604960638943,0.0013050771229765,0.0083927996363117,,128.0,0
tcm,1024x1024,15.0,0.0017509062039979,0.0013802806729791,0.0023905707688416,,128.0,0
tcm,1024x1024,30.0,0.001839899937207,0.0015749573807896,0.0022402150568865,,128.0,0
tcm,1024x1024,45.0,0.0018908007696729,0.0013374746552638,0.0080434798404055,,128.0,0
tcm,1024x1024,60.0,0.001671827430206,0.0013080834776436,0.002337651232953,,128.0,0
tcm,1024x1024,75.0,0.0015950698531137,0.0014567651369689,0.002032197469822,,128.0,0
tcm,1024x1024,90.0,0.0018384438072666,0.0012881438148318,0.0085322383545789,,128.0,0
cheng2020-anchor,1024x1024,0.0,0.9978172840635692,0.6237277098570291,0.8502355425465429,6.0,,0
cheng2020-anchor,1024x1024,15.0,0.9992715192508808,0.9765715529393504,0.9982055805291457,6.0,,0
cheng2020-anchor,1024x1024,30.0,0.9976414792173044,0.7904267591667116,0.9954480559871548,6.0,,0
cheng2020-anchor,1024x1024,45.0,0.9985572885397416,0.8908839248878173,0.9882677023989328,6.0,,0
cheng2020-anchor,1024x1024,60.0,0.9994061109763396,0.9371192643293632,0.9492698629691988,6.0,,0
cheng2020-anchor,1024x1024,75.0,0.9995322884498088,0.9958566810532042,0.8942566975560031,6.0,,0
cheng2020-anchor,1024x1024,90.0,0.9963567635417074,0.352611246165457,0.7699877638192967,6.0,,0
cheng2020-attn,1024x1024,0.0,0.3006421969506518,0.0651917913769007,0.681863595911419,6.0,,0
cheng2020-attn,1024x1024,15.0,0.1317316911513546,0.0982400212777417,0.6634802344856344,6.0,,0
cheng2020-attn,1024x1024,30.0,0.1912153966196318,0.0963573201973628,0.3938497026775247,6.0,,0
cheng2020-attn,1024x1024,45.0,0.23500984211583,0.0219204962631108,0.6449131244977648,6.0,,0
cheng2020-attn,1024x1024,60.0,0.0897403795930331,0.0932071601764871,0.5465101802982149,6.0,,0
cheng2020-attn,1024x1024,75.0,0.2118053795226626,0.1462543361888637,0.2090431605164485,6.0,,0
cheng2020-attn,1024x1024,90.0,0.2988805146155102,0.0631952982438336,0.6862892526464697,6.0,,0
bmshj2018-factorized,1024x1024,0.0,0.4559926379039771,0.1374508509574059,0.8233347756400382,6.0,,0
bmshj2018-factorized,1024x1024,15.0,0.2171022682799985,0.2017020123320189,0.8733747857432514,6.0,,0
bmshj2018-factorized,1024x1024,30.0,0.3655554615677134,0.2453960066017672,0.6414066889328145,6.0,,0
bmshj2018-factorized,1024x1024,45.0,0.426868110806,0.1614158698792862,0.8504999207045268,6.0,,0
bmshj2018-factorized,1024x1024,60.0,0.2862669041332241,0.1788872333065619,0.8318251441043802,6.0,,0
bmshj2018-factorized,1024x1024,75.0,0.3357208787516422,0.2793287583751623,0.6158386151067876,6.0,,0
bmshj2018-factorized,1024x1024,90.0,0.4569843887882193,0.1374057603733054,0.8264707669904103,6.0,,0
bmshj2018-hyperprior,1024x1024,0.0,0.1445613613902108,0.0382646842080319,0.4747198098426484,6.0,,0
bmshj2018-hyperprior,1024x1024,15.0,0.058469990570367,0.0464691949576206,0.2333531395182588,6.0,,0
bmshj2018-hyperprior,1024x1024,30.0,0.0841648416599522,0.0764530989941999,0.1422741238584985,6.0,,0
bmshj2018-hyperprior,1024x1024,45.0,0.1291423480436194,0.0382021050947818,0.638567817891675,6.0,,0
bmshj2018-hyperprior,1024x1024,60.0,0.0610120449721542,0.0532578471301255,0.2094596430449607,6.0,,0
bmshj2018-hyperprior,1024x1024,75.0,0.1023820326245706,0.0875662970162713,0.1198545787664244,6.0,,0
bmshj2018-hyperprior,1024x1024,90.0,0.1457890054975164,0.0379661746087842,0.4756639457213651,6.0,,0
mbt2018-mean,1024x1024,0.0,0.1098887739600004,0.0411735108625294,0.3719077000248385,6.0,,0
mbt2018-mean,1024x1024,15.0,0.0533922052936233,0.0294670819198345,0.1492292871344999,6.0,,0
mbt2018-mean,1024x1024,30.0,0.0762164544180506,0.0691396280914748,0.1107358287580422,6.0,,0
mbt2018-mean,1024x1024,45.0,0.109825149357819,0.029146845436287,0.4488025713243438,6.0,,0
mbt2018-mean,1024x1024,60.0,0.0446750468648445,0.0385912428393248,0.2322329414978147,6.0,,0
mbt2018-mean,1024x1024,75.0,0.0763719100833393,0.0673476891894999,0.0962736080361696,6.0,,0
mbt2018-mean,1024x1024,90.0,0.1092734034041826,0.0401681395850121,0.3748212877414907,6.0,,0
mbt2018,1024x1024,0.0,0.1156408322518726,0.1230804316955591,0.3249855807657242,6.0,,0
mbt2018,1024x1024,15.0,0.0810598955750386,0.0360199682831901,0.1305050605115819,6.0,,0
mbt2018,1024x1024,30.0,0.0536324377158792,0.0354326128096031,0.4532319288679725,6.0,,0
mbt2018,1024x1024,45.0,0.0611845961945122,0.038491692368862,0.4248561898014672,6.0,,0
mbt2018,1024x1024,60.0,0.053066567021256,0.0243164503309481,0.0772185203155406,6.0,,0
mbt2018,1024x1024,75.0,0.0623282214169467,0.0557254286371629,0.0975569188257584,6.0,,0
mbt2018,1024x1024,90.0,0.1157775056087567,0.1232993185290521,0.3261056914908915,6.0,,0
webp,1024x1024,0.0,0.0002467143988396,0.0002020741486662,0.000245417213094,6.0,,0
webp,1024x1024,15.0,0.0002391350378533,0.0002180186095257,0.000261545829219,6.0,,0
webp,1024x1024,30.0,0.0002356633437153,0.0002405024232556,0.0002286154875157,6.0,,0
webp,1024x1024,45.0,0.0002487708760832,0.0002061148339547,0.000241000935978,6.0,,0
webp,1024x1024,60.0,0.0002414814088542,0.0002131237689921,0.0002655100793565,6.0,,0
webp,1024x1024,75.0,0.0002414703667983,0.0002411104482818,0.0002394668898322,6.0,,0
webp,1024x1024,90.0,0.0002469399909193,0.0002007930931425,0.0002446254485509,6.0,,0
jpeg,1024x1024,0.0,0.0003499995100728,0.0002112798675004,0.0004093232130605,6.0,,0
jpeg,1024x1024,15.0,0.0002933418982516,0.0002437529279557,0.0004158827993471,6.0,,0
jpeg,1024x1024,30.0,0.0003043213890162,0.0002914712360816,0.000312175990392,6.0,,0
jpeg,1024x1024,45.0,0.0003447837136861,0.0002243959567135,0.0003857036025366,6.0,,0
jpeg,1024x1024,60.0,0.0003025881970486,0.0002567405998224,0.0004258286200261,6.0,,0
jpeg,1024x1024,75.0,0.0003244794739403,0.0002922805585649,0.0003444367501923,6.0,,0
jpeg,1024x1024,90.0,0.0003483493656298,0.0002140772153272,0.0004056069610864,6.0,,0
jpegxl,1024x1024,0.0,0.0006220920482664,0.000527886719238,0.000705929283578,6.0,,0
jpegxl,1024x1024,15.0,0.0006858196118454,0.0005234870861182,0.0009002996708499,6.0,,0
jpegxl,1024x1024,30.0,0.0006356442986378,0.0005931644948416,0.0007438648233863,6.0,,0
jpegxl,1024x1024,45.0,0.0006262168518175,0.000534043323754,0.000758807811909,6.0,,0
jpegxl,1024x1024,60.0,0.0006434686376893,0.0005021575149134,0.0008853182189171,6.0,,0
jpegxl,1024x1024,75.0,0.0006261713612427,0.0006091213390729,0.000741507887278,6.0,,0
jpegxl,1024x1024,90.0,0.0006277812025273,0.0005544892873436,0.0006655086944692,6.0,,0
identity,512x512,0.0,2.220446049250313e-15,2.2724877535296173e-15,2.3175905639050143e-15,,,0
identity,512x512,15.0,3.1086244689504383e-15,3.0826036168107862e-15,3.066991105526995e-15,,,0
identity,512x512,30.0,3.1086244689504383e-15,3.084338340286763e-15,3.1068897454744615e-15,,,0
identity,512x512,45.0,3.1086244689504383e-15,3.119032809806299e-15,3.094746681142624e-15,,,0
identity,512x512,60.0,3.1086244689504383e-15,3.066991105526995e-15,3.093011957666647e-15,,,0
identity,512x512,75.0,3.1086244689504383e-15,3.073929999430902e-15,3.0548480411951573e-15,,,0
identity,512x512,90.0,2.220446049250313e-15,2.258609965721803e-15,2.301978052621223e-15,,,0
jpeg,512x512,0.0,0.019896807015186535,0.007199601880201488,0.031058279268933894,6.0,,1
jpeg,512x512,15.0,0.012758152625123864,0.010479895101446948,0.028698847540061877,6.0,,1
jpeg,512x512,30.0,0.015821459588454545,0.016019088806658983,0.015187277107371265,6.0,,1
jpeg,512x512,45.0,0.020213233132577002,0.007547384667638937,0.028433133514650953,6.0,,1
jpeg,512x512,60.0,0.013631116389367759,0.010736120443177951,0.030233678781924827,6.0,,1
jpeg,512x512,75.0,0.01631545711170812,0.01557649357765128,0.016933685011893122,6.0,,1
jpeg,512x512,90.0,0.01986513329237488,0.007337953149649438,0.03068580165749245,6.0,,1
webp,512x512,0.0,0.0032051898145920577,0.0020187556843306387,0.0032227939127626075,6.0,,1
webp,512x512,15.0,0.002867800854941316,0.002489662641142484,0.0037107191404398363,6.0,,1
webp,512x512,30.0,0.002979517515751484,0.003151979229940027,0.00285655799071025,6.0,,1
webp,512x512,45.0,0.0032354241928632677,0.002045287616502113,0.003144196638655945,6.0,,1
webp,512x512,60.0,0.002937296882995044,0.0023705307174427736,0.0038271716394040495,6.0,,1
webp,512x512,75.0,0.0030428754410335435,0.0030663938363364937,0.0029890271910127638,6.0,,1
webp,512x512,90.0,0.0031997161664785723,0.0020192864068882656,0.0031910505396059,6.0,,1
jpegxl,512x512,0.0,0.004094641006463007,0.002709086542188424,0.005853375864952322,6.0,,1
jpegxl,512x512,15.0,0.004568372032132839,0.003915357567096975,0.008582325481382382,6.0,,1
jpegxl,512x512,30.0,0.004457825911362956,0.005221095415611473,0.00604196549940468,6.0,,1
jpegxl,512x512,45.0,0.004447137996053008,0.0030352343050573955,0.006046368534014918,6.0,,1
jpegxl,512x512,60.0,0.004639210087418411,0.003749068657902116,0.008794598505588138,6.0,,1
jpegxl,512x512,75.0,0.004485673836406079,0.004924201454493166,0.005979844381018981,6.0,,1
jpegxl,512x512,90.0,0.0044114844706896195,0.0030248567353189587,0.004118404098346363,6.0,,1
